{
  "date": 1564848000000,
  "topList": [
    {
      "date": 1564848000000,
      "searchScore": 94.8,
      "weiboScore": 79.3,
      "weixinRank": 1,
      "yunheScore": 97.1,
      "weixinTrend": 0,
      "yunheRank": 1,
      "weiboRank": 3,
      "searchTrend": 1,
      "actorName": "杨紫",
      "isNew": false,
      "type": "actor",
      "searchRank": 2,
      "occurDays": 25,
      "weiboTrend": 0,
      "searchOccur": 264196,
      "weiboOccur": 204,
      "weixinOccur": 2346,
      "nameID": 30784,
      "weixinScore": 100,
      "yunheTrend": 0,
      "net": null
    },
    {
      "date": 1564848000000,
      "searchScore": 90.9,
      "weiboScore": 82.9,
      "weixinRank": 2,
      "yunheScore": 94.2,
      "weixinTrend": 0,
      "yunheRank": 2,
      "weiboRank": 2,
      "searchTrend": 1,
      "actorName": "李现",
      "isNew": false,
      "type": "actor",
      "searchRank": 3,
      "occurDays": 18,
      "weiboTrend": 3,
      "searchOccur": 223413,
      "weiboOccur": 261,
      "weixinOccur": 1446,
      "nameID": 169483,
      "weixinScore": 90.6,
      "yunheTrend": 0,
      "net": null
    },
    {
      "date": 1564848000000,
      "searchScore": 100,
      "weiboScore": 70.5,
      "weixinRank": 5,
      "yunheScore": 90.8,
      "weixinTrend": -1,
      "yunheRank": 3,
      "weiboRank": 6,
      "searchTrend": 0,
      "actorName": "杨幂",
      "isNew": false,
      "type": "actor",
      "searchRank": 1,
      "occurDays": 548,
      "weiboTrend": 5,
      "searchOccur": 343732,
      "weiboOccur": 84,
      "weixinOccur": 1044,
      "nameID": 28061,
      "weixinScore": 78.7,
      "yunheTrend": 0,
      "net": null
    },
    {
      "date": 1564848000000,
      "searchScore": 72.9,
      "weiboScore": 87.9,
      "weixinRank": 9,
      "yunheScore": 86.9,
      "weixinTrend": 3,
      "yunheRank": 4,
      "weiboRank": 1,
      "searchTrend": 1,
      "actorName": "王一博",
      "isNew": false,
      "type": "actor",
      "searchRank": 8,
      "occurDays": 50,
      "weiboTrend": 5,
      "searchOccur": 77924,
      "weiboOccur": 206,
      "weixinOccur": 721,
      "nameID": 146422,
      "weixinScore": 65.3,
      "yunheTrend": 2,
      "net": null
    },
    {
      "date": 1564848000000,
      "searchScore": 75.7,
      "weiboScore": 58.8,
      "weixinRank": 10,
      "yunheScore": 82.1,
      "weixinTrend": 8,
      "yunheRank": 5,
      "weiboRank": 10,
      "searchTrend": 1,
      "actorName": "关晓彤",
      "isNew": false,
      "type": "actor",
      "searchRank": 7,
      "occurDays": 259,
      "weiboTrend": 4,
      "searchOccur": 80955,
      "weiboOccur": 57,
      "weixinOccur": 694,
      "nameID": 162583,
      "weixinScore": 62.4,
      "yunheTrend": 5,
      "net": null
    },
    {
      "date": 1564848000000,
      "searchScore": 63.4,
      "weiboScore": 64.6,
      "weixinRank": 6,
      "yunheScore": 79.6,
      "weixinTrend": 3,
      "yunheRank": 6,
      "weiboRank": 8,
      "searchTrend": 0,
      "actorName": "鹿晗",
      "isNew": false,
      "type": "actor",
      "searchRank": 13,
      "occurDays": 161,
      "weiboTrend": 1,
      "searchOccur": 48646,
      "weiboOccur": 105,
      "weixinOccur": 950,
      "nameID": 178678,
      "weixinScore": 75.1,
      "yunheTrend": 3,
      "net": null
    },
    {
      "date": 1564848000000,
      "searchScore": 78.6,
      "weiboScore": 57.1,
      "weixinRank": 13,
      "yunheScore": 76.9,
      "weixinTrend": 7,
      "yunheRank": 7,
      "weiboRank": 11,
      "searchTrend": 1,
      "actorName": "王俊凯",
      "isNew": false,
      "type": "actor",
      "searchRank": 6,
      "occurDays": 164,
      "weiboTrend": -9,
      "searchOccur": 87039,
      "weiboOccur": 105,
      "weixinOccur": 588,
      "nameID": 67516,
      "weixinScore": 58.3,
      "yunheTrend": -3,
      "net": null
    },
    {
      "date": 1564848000000,
      "searchScore": 60.6,
      "weiboScore": 76.3,
      "weixinRank": 18,
      "yunheScore": 74.2,
      "weixinTrend": -3,
      "yunheRank": 8,
      "weiboRank": 4,
      "searchTrend": 1,
      "actorName": "易烊千玺",
      "isNew": false,
      "type": "actor",
      "searchRank": 15,
      "occurDays": 20,
      "weiboTrend": -3,
      "searchOccur": 37357,
      "weiboOccur": 230,
      "weixinOccur": 579,
      "nameID": 81431,
      "weixinScore": 51.4,
      "yunheTrend": -3,
      "net": null
    },
    {
      "date": 1564848000000,
      "searchScore": 67,
      "weiboScore": 46.4,
      "weixinRank": 3,
      "yunheScore": 71.1,
      "weixinTrend": 0,
      "yunheRank": 9,
      "weiboRank": 19,
      "searchTrend": 1,
      "actorName": "黄晓明",
      "isNew": false,
      "type": "actor",
      "searchRank": 10,
      "occurDays": 24,
      "weiboTrend": -7,
      "searchOccur": 59929,
      "weiboOccur": 30,
      "weixinOccur": 1478,
      "nameID": 166169,
      "weixinScore": 87.4,
      "yunheTrend": -1,
      "net": null
    },
    {
      "date": 1564848000000,
      "searchScore": 81.3,
      "weiboScore": 40.1,
      "weixinRank": 8,
      "yunheScore": 68.5,
      "weixinTrend": -2,
      "yunheRank": 10,
      "weiboRank": 24,
      "searchTrend": 1,
      "actorName": "马伊琍",
      "isNew": false,
      "type": "actor",
      "searchRank": 5,
      "occurDays": 16,
      "weiboTrend": -7,
      "searchOccur": 88546,
      "weiboOccur": 34,
      "weixinOccur": 765,
      "nameID": 178134,
      "weixinScore": 68.7,
      "yunheTrend": -3,
      "net": null
    }
  ]
}
