{
  "date": 1564848000000,
  "topList": [
    {
      "date": 1564848000000,
      "searchScore": 100,
      "weiboScore": 86,
      "weixinRank": 4,
      "yunheScore": 97.2,
      "weixinTrend": 1,
      "yunheRank": 1,
      "weiboRank": 1,
      "channel": "qq",
      "searchTrend": 0,
      "actorName": "全职高手",
      "isNew": false,
      "type": "tv",
      "searchRank": 1,
      "occurDays": 12,
      "weiboTrend": 1,
      "searchOccur": 1143256,
      "weiboOccur": 133,
      "weixinOccur": 662,
      "nameID": 2259525,
      "weixinScore": 78,
      "yunheTrend": 0,
      "net": 1
    },
    {
      "date": 1564848000000,
      "searchScore": 82.1,
      "weiboScore": 82.4,
      "weixinRank": 2,
      "yunheScore": 93.2,
      "weixinTrend": 0,
      "yunheRank": 2,
      "weiboRank": 2,
      "channel": "qq",
      "searchTrend": 0,
      "actorName": "陈情令",
      "isNew": false,
      "type": "tv",
      "searchRank": 4,
      "occurDays": 39,
      "weiboTrend": 1,
      "searchOccur": 436186,
      "weiboOccur": 103,
      "weixinOccur": 1019,
      "nameID": 2278421,
      "weixinScore": 86,
      "yunheTrend": 0,
      "net": 1
    },
    {
      "date": 1564848000000,
      "searchScore": 89.7,
      "weiboScore": 73.9,
      "weixinRank": 3,
      "yunheScore": 90.4,
      "weixinTrend": 0,
      "yunheRank": 3,
      "weiboRank": 5,
      "channel": "youku",
      "searchTrend": 0,
      "actorName": "长安十二时辰",
      "isNew": false,
      "type": "tv",
      "searchRank": 2,
      "occurDays": 39,
      "weiboTrend": 0,
      "searchOccur": 596777,
      "weiboOccur": 87,
      "weixinOccur": 803,
      "nameID": 2258888,
      "weixinScore": 81.8,
      "yunheTrend": 0,
      "net": 1
    },
    {
      "date": 1564848000000,
      "searchScore": 84.9,
      "weiboScore": 70.8,
      "weixinRank": 1,
      "yunheScore": 87.6,
      "weixinTrend": 0,
      "yunheRank": 4,
      "weiboRank": 6,
      "channel": "iqiyi/qq",
      "searchTrend": 0,
      "actorName": "亲爱的，热爱的",
      "isNew": false,
      "type": "tv",
      "searchRank": 3,
      "occurDays": 27,
      "weiboTrend": 0,
      "searchOccur": 442661,
      "weiboOccur": 81,
      "weixinOccur": 1436,
      "nameID": 2286473,
      "weixinScore": 91.8,
      "yunheTrend": 0,
      "net": 1
    },
    {
      "date": 1564848000000,
      "searchScore": 75.6,
      "weiboScore": 79.7,
      "weixinRank": 8,
      "yunheScore": 83.9,
      "weixinTrend": 6,
      "yunheRank": 5,
      "weiboRank": 3,
      "channel": "qq/iqiyi",
      "searchTrend": 0,
      "actorName": "小欢喜",
      "isNew": true,
      "type": "tv",
      "searchRank": 6,
      "occurDays": 5,
      "weiboTrend": -2,
      "searchOccur": 348207,
      "weiboOccur": 68,
      "weixinOccur": 429,
      "nameID": 2258722,
      "weixinScore": 65.6,
      "yunheTrend": 0,
      "net": 1
    },
    {
      "date": 1564848000000,
      "searchScore": 78.7,
      "weiboScore": 67,
      "weixinRank": 5,
      "yunheScore": 80.9,
      "weixinTrend": 2,
      "yunheRank": 6,
      "weiboRank": 7,
      "channel": "youku/qq",
      "searchTrend": 0,
      "actorName": "九州缥缈录",
      "isNew": false,
      "type": "tv",
      "searchRank": 5,
      "occurDays": 20,
      "weiboTrend": 4,
      "searchOccur": 380952,
      "weiboOccur": 48,
      "weixinOccur": 578,
      "nameID": 2258890,
      "weixinScore": 74.5,
      "yunheTrend": 1,
      "net": 1
    },
    {
      "date": 1564848000000,
      "searchScore": 67.9,
      "weiboScore": 61.1,
      "weixinRank": 6,
      "yunheScore": 76.9,
      "weixinTrend": 0,
      "yunheRank": 7,
      "weiboRank": 9,
      "channel": "iqiyi",
      "searchTrend": 0,
      "actorName": "宸汐缘",
      "isNew": false,
      "type": "tv",
      "searchRank": 8,
      "occurDays": 21,
      "weiboTrend": -2,
      "searchOccur": 184016,
      "weiboOccur": 25,
      "weixinOccur": 510,
      "nameID": 2286541,
      "weixinScore": 71.6,
      "yunheTrend": -1,
      "net": 1
    },
    {
      "date": 1564848000000,
      "searchScore": 48.7,
      "weiboScore": 76.6,
      "weixinRank": 9,
      "yunheScore": 73.7,
      "weixinTrend": -1,
      "yunheRank": 8,
      "weiboRank": 4,
      "channel": "qq/youku/iqiyi",
      "searchTrend": 0,
      "actorName": "加油，你是最棒的",
      "isNew": true,
      "type": "tv",
      "searchRank": 20,
      "occurDays": 5,
      "weiboTrend": 0,
      "searchOccur": 34184,
      "weiboOccur": 83,
      "weixinOccur": 450,
      "nameID": 2278362,
      "weixinScore": 62.8,
      "yunheTrend": 0,
      "net": 1
    },
    {
      "date": 1564848000000,
      "searchScore": 64.6,
      "weiboScore": 57.1,
      "weixinRank": 17,
      "yunheScore": 70.3,
      "weixinTrend": 2,
      "yunheRank": 9,
      "weiboRank": 11,
      "channel": "youku/iqiyi/qq",
      "searchTrend": 0,
      "actorName": "请赐我一双翅膀",
      "isNew": false,
      "type": "tv",
      "searchRank": 9,
      "occurDays": 27,
      "weiboTrend": 2,
      "searchOccur": 134015,
      "weiboOccur": 43,
      "weixinOccur": 159,
      "nameID": 2262689,
      "weixinScore": 49.4,
      "yunheTrend": 2,
      "net": 1
    },
    {
      "date": 1564848000000,
      "searchScore": 55.1,
      "weiboScore": 58.1,
      "weixinRank": 14,
      "yunheScore": 67.2,
      "weixinTrend": -5,
      "yunheRank": 10,
      "weiboRank": 10,
      "channel": "qq/iqiyi",
      "searchTrend": 0,
      "actorName": "时间都知道",
      "isNew": false,
      "type": "tv",
      "searchRank": 15,
      "occurDays": 20,
      "weiboTrend": -1,
      "searchOccur": 54387,
      "weiboOccur": 51,
      "weixinOccur": 217,
      "nameID": 2258717,
      "weixinScore": 53.6,
      "yunheTrend": -1,
      "net": 1
    }
  ]
}
