{
  "date": 1564848000000,
  "content": [
    {
      "playTimes": 119096493,
      "up": 0,
      "commentCount": 9726,
      "rankPredictedAbs": 1,
      "rankPredictedRel": 1,
      "dataType": "inc",
      "nameID": 2286473,
      "occurDays": 27,
      "status": 0,
      "isNew": 0,
      "averageAge": {
        "baiduTrend": 1.76,
        "baidu": 34.01,
        "360Trend": 0.33,
        "360": 25.24
      },
      "releaseTime": 1562601600000,
      "isVertical": false,
      "name": "亲爱的，热爱的",
      "channel": "iqiyi/qq",
      "channelType": "tv",
      "day": 1,
      "date": "Aug 4, 2019 12:00:00 AM",
      "isNet": 1,
      "marketShare": 11.74,
      "goldIndex": 165.98
    },
    {
      "playTimes": 34465650,
      "up": 0,
      "commentCount": 3981,
      "rankPredictedAbs": 2,
      "rankPredictedRel": 1,
      "dataType": "inc",
      "nameID": 2262689,
      "occurDays": 27,
      "status": 0,
      "isNew": 0,
      "averageAge": {
        "baiduTrend": 3.93,
        "baidu": 35.39,
        "360Trend": 0.21,
        "360": 24.25
      },
      "releaseTime": 1562601600000,
      "isVertical": false,
      "name": "请赐我一双翅膀",
      "channel": "youku/iqiyi/qq",
      "channelType": "tv",
      "day": 1,
      "date": "Aug 4, 2019 12:00:00 AM",
      "isNet": 0,
      "marketShare": 3.69,
      "goldIndex": 180.41
    },
    {
      "playTimes": 44928607,
      "up": 0,
      "commentCount": 4054,
      "rankPredictedAbs": 3,
      "rankPredictedRel": 2,
      "dataType": "inc",
      "nameID": 2258722,
      "occurDays": 5,
      "status": 3,
      "isNew": 0,
      "averageAge": {
        "baiduTrend": 1.31,
        "baidu": 34.94,
        "360Trend": 0.44,
        "360": 26.77
      },
      "releaseTime": 1564502400000,
      "isVertical": false,
      "name": "小欢喜",
      "channel": "qq/iqiyi",
      "channelType": "tv",
      "day": 1,
      "date": "Aug 4, 2019 12:00:00 AM",
      "isNet": 1,
      "marketShare": 3.06,
      "goldIndex": 114.64
    },
    {
      "playTimes": 82624560,
      "up": 0,
      "commentCount": 7056,
      "rankPredictedAbs": 4,
      "rankPredictedRel": 2,
      "dataType": "inc",
      "nameID": 2259525,
      "occurDays": 12,
      "status": -1,
      "isNew": 0,
      "averageAge": {
        "baiduTrend": -1.61,
        "baidu": 32,
        "360Trend": 0.83,
        "360": 23.61
      },
      "releaseTime": 1563897600000,
      "isVertical": false,
      "name": "全职高手",
      "channel": "qq",
      "channelType": "tv",
      "day": 1,
      "date": "Aug 4, 2019 12:00:00 AM",
      "isNet": 0,
      "marketShare": 2.83,
      "goldIndex": 57.71
    },
    {
      "playTimes": 65753730,
      "up": 0,
      "commentCount": 6771,
      "rankPredictedAbs": 5,
      "rankPredictedRel": 3,
      "dataType": "inc",
      "nameID": 2278421,
      "occurDays": 39,
      "status": 0,
      "isNew": 0,
      "averageAge": {
        "baiduTrend": 1.65,
        "baidu": 33.51,
        "360Trend": -0.31,
        "360": 23.26
      },
      "releaseTime": 1561564800000,
      "isVertical": false,
      "name": "陈情令",
      "channel": "qq",
      "channelType": "tv",
      "day": 1,
      "date": "Aug 4, 2019 12:00:00 AM",
      "isNet": 0,
      "marketShare": 2.62,
      "goldIndex": 67.21
    },
    {
      "playTimes": 0,
      "up": 0,
      "commentCount": 1359,
      "rankPredictedAbs": 6,
      "rankPredictedRel": 4,
      "dataType": "inc",
      "nameID": 2286541,
      "occurDays": 21,
      "status": -2,
      "isNew": 0,
      "averageAge": {
        "baiduTrend": 1.37,
        "baidu": 35.02,
        "360Trend": -0.4,
        "360": 26.27
      },
      "releaseTime": 1563120000000,
      "isVertical": false,
      "name": "宸汐缘",
      "channel": "iqiyi",
      "channelType": "tv",
      "day": 1,
      "date": "Aug 4, 2019 12:00:00 AM",
      "isNet": 0,
      "marketShare": 2.52
    },
    {
      "playTimes": 101026661,
      "up": 0,
      "commentCount": 2888,
      "rankPredictedAbs": 7,
      "rankPredictedRel": 3,
      "dataType": "inc",
      "nameID": 2258717,
      "occurDays": 20,
      "status": 0,
      "isNew": 0,
      "averageAge": {
        "baiduTrend": 0.7,
        "baidu": 35.77,
        "360Trend": 0.42,
        "360": 27.12
      },
      "releaseTime": 1563206400000,
      "isVertical": false,
      "name": "时间都知道",
      "channel": "qq/iqiyi",
      "channelType": "tv",
      "day": 1,
      "date": "Aug 4, 2019 12:00:00 AM",
      "isNet": 1,
      "marketShare": 2.31,
      "goldIndex": 38.46
    },
    {
      "playTimes": 16532817,
      "up": 333,
      "commentCount": 3094,
      "rankPredictedAbs": 8,
      "rankPredictedRel": 4,
      "dataType": "inc",
      "nameID": 2286666,
      "occurDays": 20,
      "status": 2,
      "isNew": 0,
      "averageAge": {
        "baiduTrend": -2.65,
        "baidu": 39.43,
        "360Trend": -0.18,
        "360": 28.22
      },
      "releaseTime": 1563206400000,
      "isVertical": false,
      "name": "李三枪",
      "channel": "iqiyi/youku/qq/sohu/mangguo",
      "channelType": "tv",
      "day": 1,
      "date": "Aug 4, 2019 12:00:00 AM",
      "isNet": 1,
      "marketShare": 1.94,
      "goldIndex": 197.88
    },
    {
      "playTimes": 22544924,
      "up": 0,
      "commentCount": 1985,
      "rankPredictedAbs": 9,
      "rankPredictedRel": 5,
      "dataType": "inc",
      "nameID": 2258916,
      "occurDays": 17,
      "status": 0,
      "isNew": 0,
      "averageAge": {
        "baiduTrend": 2.44,
        "baidu": 36.78,
        "360Trend": 0.13,
        "360": 27.04
      },
      "releaseTime": 1563465600000,
      "isVertical": false,
      "name": "归还世界给你",
      "channel": "iqiyi/youku/qq",
      "channelType": "tv",
      "day": 1,
      "date": "Aug 4, 2019 12:00:00 AM",
      "isNet": 1,
      "marketShare": 1.82,
      "goldIndex": 135.66
    },
    {
      "playTimes": 12303938,
      "up": 1212,
      "commentCount": 1021,
      "rankPredictedAbs": 10,
      "rankPredictedRel": 6,
      "dataType": "inc",
      "nameID": 2286315,
      "occurDays": 35,
      "status": -2,
      "isNew": 0,
      "averageAge": {
        "baiduTrend": 2.47,
        "baidu": 35.99,
        "360Trend": -0.1,
        "360": 24.57
      },
      "releaseTime": 1561910400000,
      "isVertical": false,
      "name": "流淌的美好时光",
      "channel": "mangguo/youku/qq/iqiyi",
      "channelType": "tv",
      "day": 1,
      "date": "Aug 4, 2019 12:00:00 AM",
      "isNet": 1,
      "marketShare": 1.67,
      "goldIndex": 228.19
    }
  ]
}
