{
  "vcrs": [
    {
      "isPodcast": false,
      "m_categories": [
        1024,
        2,
        2306,
        4,
        5,
        1798,
        13,
        271,
        272,
        277,
        21,
        1817,
        1818,
        1823,
        4135,
        2088,
        1582,
        1327,
        1331,
        1852,
        1853,
        317,
        1855,
        832,
        833,
        2117,
        585,
        330,
        1103,
        337,
        1620,
        1364,
        1876,
        92,
        351,
        609,
        1379,
        1636,
        356,
        1893,
        3430,
        358,
        103,
        2407,
        1640,
        107,
        876,
        1902,
        1903,
        1904,
        373,
        3960,
        2936,
        121,
        1661,
        3965,
        893,
        1406,
        2175,
        640,
        899,
        4745,
        2186,
        652,
        1677,
        2446,
        1428,
        2201,
        412,
        4000,
        419,
        1190,
        4523,
        2219,
        171,
        1452,
        172,
        2733,
        4027,
        189,
        447,
        704,
        2497,
        2498,
        2499,
        1991,
        1480,
        2253,
        209,
        2007,
        2265,
        2012,
        990,
        479,
        2530,
        740,
        2283,
        1006,
        2030,
        2799,
        1008,
        1009,
        242,
        251,
        507,
        2555
      ],
      "coverImagePath": "https://res.infoq.com/vcr/5025/cover/RedGateDatabaseDevOps2019-1547026603599.jpg",
      "external": true,
      "id": 5025,
      "type": "pdf",
      "company": "Redgate",
      "title": "Redgate's 2019 State of Database DevOps Report",
      "shortSummary": "Read the new Report for the latest insights into DevOps adoption among SQL Server professionals.",
      "categories": [
        1024,
        2,
        2306,
        4,
        5,
        1798,
        13,
        271,
        272,
        277,
        21,
        1817,
        1818,
        1823,
        4135,
        2088,
        1582,
        1327,
        1331,
        1852,
        1853,
        317,
        1855,
        832,
        833,
        2117,
        585,
        330,
        1103,
        337,
        1620,
        1364,
        1876,
        92,
        351,
        609,
        1379,
        1636,
        356,
        1893,
        3430,
        358,
        103,
        2407,
        1640,
        107,
        876,
        1902,
        1903,
        1904,
        373,
        3960,
        2936,
        121,
        1661,
        3965,
        893,
        1406,
        2175,
        640,
        899,
        4745,
        2186,
        652,
        1677,
        2446,
        1428,
        2201,
        412,
        4000,
        419,
        1190,
        4523,
        2219,
        171,
        1452,
        172,
        2733,
        4027,
        189,
        447,
        704,
        2497,
        2498,
        2499,
        1991,
        1480,
        2253,
        209,
        2007,
        2265,
        2012,
        990,
        479,
        2530,
        740,
        2283,
        1006,
        2030,
        2799,
        1008,
        1009,
        242,
        251,
        507,
        2555
      ],
      "podcast": false,
      "urlTarget": "_blank",
      "campaign": "Redgate",
      "author": "",
      "registerOnInfoq": false,
      "landingOnInfoq": false,
      "sponsoredPath": null
    },
    {
      "isPodcast": false,
      "m_categories": [
        1,
        2,
        3,
        899,
        4,
        5,
        2056,
        2952,
        4745,
        2186,
        11,
        140,
        2572,
        397,
        141,
        398,
        142,
        2961,
        17,
        3987,
        277,
        281,
        1050,
        283,
        4124,
        1180,
        926,
        542,
        1823,
        4000,
        674,
        2087,
        295,
        4135,
        5290,
        4523,
        1323,
        1964,
        172,
        812,
        1452,
        685,
        686,
        1327,
        1840,
        1329,
        435,
        51,
        55,
        6202,
        315,
        1855,
        191,
        704,
        2497,
        2498,
        2499,
        2117,
        2631,
        968,
        329,
        330,
        77,
        209,
        337,
        1364,
        3029,
        2391,
        344,
        89,
        1370,
        91,
        3291,
        92,
        2012,
        351,
        356,
        1893,
        1253,
        229,
        358,
        3430,
        103,
        2407,
        491,
        876,
        2030,
        116,
        3960,
        633,
        507,
        379,
        6011
      ],
      "coverImagePath": "https://res.infoq.com/vcr/5028/cover/WSO2-WP-Methodology2019-1547574209054.jpg",
      "external": false,
      "id": 5028,
      "type": "pdf",
      "company": "WSO2",
      "title": "Reference Methodology for Agility, Version-0.5",
      "shortSummary": "This white paper outlines a meta-process for organizations to refer and become integration agile.",
      "categories": [
        1,
        2,
        3,
        899,
        4,
        5,
        2056,
        2952,
        4745,
        2186,
        11,
        140,
        2572,
        397,
        141,
        398,
        142,
        2961,
        17,
        3987,
        277,
        281,
        1050,
        283,
        4124,
        1180,
        926,
        542,
        1823,
        4000,
        674,
        2087,
        295,
        4135,
        5290,
        4523,
        1323,
        1964,
        172,
        812,
        1452,
        685,
        686,
        1327,
        1840,
        1329,
        435,
        51,
        55,
        6202,
        315,
        1855,
        191,
        704,
        2497,
        2498,
        2499,
        2117,
        2631,
        968,
        329,
        330,
        77,
        209,
        337,
        1364,
        3029,
        2391,
        344,
        89,
        1370,
        91,
        3291,
        92,
        2012,
        351,
        356,
        1893,
        1253,
        229,
        358,
        3430,
        103,
        2407,
        491,
        876,
        2030,
        116,
        3960,
        633,
        507,
        379,
        6011
      ],
      "podcast": false,
      "urlTarget": "_blank",
      "campaign": "WSO2 - Reference Methodology for Agility, Version-0.5",
      "author": "",
      "registerOnInfoq": false,
      "landingOnInfoq": false,
      "sponsoredPath": null
    },
    {
      "isPodcast": false,
      "m_categories": [
        1,
        2,
        899,
        4,
        5,
        2952,
        4745,
        2186,
        11,
        397,
        141,
        398,
        142,
        2961,
        17,
        3987,
        277,
        281,
        1050,
        4124,
        1180,
        926,
        542,
        4000,
        674,
        2087,
        295,
        4135,
        5290,
        4523,
        1964,
        812,
        1452,
        685,
        686,
        1327,
        1840,
        1329,
        435,
        315,
        1855,
        191,
        704,
        2497,
        2498,
        2499,
        2631,
        968,
        330,
        77,
        209,
        337,
        1364,
        3029,
        2391,
        89,
        91,
        3291,
        92,
        2012,
        356,
        1893,
        1253,
        229,
        358,
        103,
        2407,
        491,
        876,
        2030,
        116,
        3960,
        633,
        507,
        379
      ],
      "coverImagePath": "https://res.infoq.com/vcr/5054/cover/LightStepLyftsCaseStudy2019-1548780978089.jpg",
      "external": false,
      "id": 5054,
      "type": "pdf",
      "company": "LightStep",
      "title": "Lyft’s Move to Microservices: A Case Study",
      "shortSummary": "It’s a challenge to quickly and accurately monitor Lyft’s system as the number of microservices grows, because a distributed architecture generates exponentially more data than its monolithic predecessor. To address this challenge, Lyft chose to implement [x]PM. Learn why. ",
      "categories": [
        1,
        2,
        899,
        4,
        5,
        2952,
        4745,
        2186,
        11,
        397,
        141,
        398,
        142,
        2961,
        17,
        3987,
        277,
        281,
        1050,
        4124,
        1180,
        926,
        542,
        4000,
        674,
        2087,
        295,
        4135,
        5290,
        4523,
        1964,
        812,
        1452,
        685,
        686,
        1327,
        1840,
        1329,
        435,
        315,
        1855,
        191,
        704,
        2497,
        2498,
        2499,
        2631,
        968,
        330,
        77,
        209,
        337,
        1364,
        3029,
        2391,
        89,
        91,
        3291,
        92,
        2012,
        356,
        1893,
        1253,
        229,
        358,
        103,
        2407,
        491,
        876,
        2030,
        116,
        3960,
        633,
        507,
        379
      ],
      "podcast": false,
      "urlTarget": "_blank",
      "campaign": "LightStep - Lyft’s Move to Microservices: A Case Study",
      "author": "",
      "registerOnInfoq": false,
      "landingOnInfoq": false,
      "sponsoredPath": null
    },
    {
      "isPodcast": false,
      "m_categories": [
        1,
        2,
        899,
        4,
        5,
        2952,
        4745,
        2186,
        11,
        397,
        141,
        398,
        142,
        2961,
        17,
        3987,
        277,
        281,
        1050,
        6171,
        4124,
        1180,
        926,
        542,
        4000,
        674,
        2087,
        295,
        4135,
        5290,
        4523,
        1964,
        812,
        1452,
        685,
        686,
        1327,
        1840,
        1329,
        435,
        3124,
        315,
        6203,
        1339,
        1855,
        191,
        704,
        2497,
        2498,
        2499,
        2631,
        968,
        330,
        77,
        209,
        337,
        1364,
        84,
        3029,
        2391,
        89,
        91,
        3291,
        92,
        2012,
        356,
        1893,
        1253,
        229,
        358,
        103,
        2407,
        491,
        1387,
        876,
        2030,
        116,
        3960,
        633,
        507,
        379
      ],
      "coverImagePath": "https://res.infoq.com/vcr/5055/cover/LighStepAdoptMicroservicesWP-1551718113348.jpg",
      "external": false,
      "id": 5055,
      "type": "pdf",
      "company": "LightStep",
      "title": "The Only Good Reason to Adopt Microservices",
      "shortSummary": "Using microservices is absolutely the right way to scale your engineering organization because you‘re going to ship your org chart, no matter what. Learn More.",
      "categories": [
        1,
        2,
        899,
        4,
        5,
        2952,
        4745,
        2186,
        11,
        397,
        141,
        398,
        142,
        2961,
        17,
        3987,
        277,
        281,
        1050,
        6171,
        4124,
        1180,
        926,
        542,
        4000,
        674,
        2087,
        295,
        4135,
        5290,
        4523,
        1964,
        812,
        1452,
        685,
        686,
        1327,
        1840,
        1329,
        435,
        3124,
        315,
        6203,
        1339,
        1855,
        191,
        704,
        2497,
        2498,
        2499,
        2631,
        968,
        330,
        77,
        209,
        337,
        1364,
        84,
        3029,
        2391,
        89,
        91,
        3291,
        92,
        2012,
        356,
        1893,
        1253,
        229,
        358,
        103,
        2407,
        491,
        1387,
        876,
        2030,
        116,
        3960,
        633,
        507,
        379
      ],
      "podcast": false,
      "urlTarget": "_blank",
      "campaign": "LightStep - The Only Good Reason to Adopt Microservices",
      "author": "",
      "registerOnInfoq": false,
      "landingOnInfoq": false,
      "sponsoredPath": null
    },
    {
      "isPodcast": false,
      "m_categories": [
        1,
        2,
        899,
        4,
        5,
        2952,
        4745,
        2186,
        11,
        397,
        141,
        398,
        142,
        2961,
        17,
        3987,
        277,
        281,
        1050,
        4124,
        1180,
        926,
        542,
        4000,
        674,
        2087,
        295,
        4135,
        5290,
        4523,
        1964,
        812,
        1452,
        685,
        686,
        1327,
        1840,
        1329,
        435,
        315,
        1855,
        191,
        704,
        2497,
        2498,
        2631,
        968,
        330,
        77,
        209,
        337,
        1364,
        3029,
        2391,
        89,
        91,
        3291,
        92,
        2012,
        356,
        1893,
        1253,
        229,
        358,
        103,
        2407,
        491,
        876,
        2030,
        116,
        3960,
        633,
        507,
        379
      ],
      "coverImagePath": "https://res.infoq.com/vcr/5064/cover/InstanaAPMWorldWP-1552665125948.jpg",
      "external": true,
      "id": 5064,
      "type": "pdf",
      "company": "Instana",
      "title": "Application Performance Management in a Containerized World",
      "shortSummary": "Is Traditional APM Failing Your Containerized Applications? Explore the world of containers & their impact application performance and monitoring.",
      "categories": [
        1,
        2,
        899,
        4,
        5,
        2952,
        4745,
        2186,
        11,
        397,
        141,
        398,
        142,
        2961,
        17,
        3987,
        277,
        281,
        1050,
        4124,
        1180,
        926,
        542,
        4000,
        674,
        2087,
        295,
        4135,
        5290,
        4523,
        1964,
        812,
        1452,
        685,
        686,
        1327,
        1840,
        1329,
        435,
        315,
        1855,
        191,
        704,
        2497,
        2498,
        2631,
        968,
        330,
        77,
        209,
        337,
        1364,
        3029,
        2391,
        89,
        91,
        3291,
        92,
        2012,
        356,
        1893,
        1253,
        229,
        358,
        103,
        2407,
        491,
        876,
        2030,
        116,
        3960,
        633,
        507,
        379
      ],
      "podcast": false,
      "urlTarget": "_blank",
      "campaign": "Instana - Application Performance Management in a Containerized World",
      "author": "",
      "registerOnInfoq": false,
      "landingOnInfoq": false,
      "sponsoredPath": null
    },
    {
      "isPodcast": false,
      "m_categories": [
        1,
        2,
        3,
        899,
        4,
        5,
        2952,
        4745,
        2186,
        11,
        397,
        141,
        398,
        142,
        2961,
        17,
        3987,
        277,
        281,
        1050,
        4124,
        1180,
        926,
        542,
        1823,
        4000,
        674,
        2087,
        295,
        4135,
        5290,
        4523,
        1323,
        1964,
        172,
        812,
        1452,
        685,
        686,
        1327,
        1840,
        1329,
        435,
        51,
        55,
        315,
        1855,
        191,
        704,
        2497,
        2498,
        2499,
        2117,
        2631,
        968,
        329,
        330,
        77,
        209,
        337,
        1364,
        3029,
        2391,
        344,
        89,
        91,
        3291,
        92,
        2012,
        1630,
        351,
        356,
        1893,
        1253,
        229,
        358,
        3430,
        103,
        2407,
        491,
        876,
        2030,
        116,
        3960,
        633,
        507,
        379
      ],
      "coverImagePath": "https://res.infoq.com/vcr/5065/cover/InstanaManualMonitoringWP-1552665486422.jpg",
      "external": true,
      "id": 5065,
      "type": "pdf",
      "company": "Instana",
      "title": "Manual Monitoring Bad! Automatic Monitoring Good!",
      "shortSummary": "In the race to keep software delivery up to pace with user expectations, manual monitoring puts all that at risk. The more your applications change, the more you must automate.",
      "categories": [
        1,
        2,
        3,
        899,
        4,
        5,
        2952,
        4745,
        2186,
        11,
        397,
        141,
        398,
        142,
        2961,
        17,
        3987,
        277,
        281,
        1050,
        4124,
        1180,
        926,
        542,
        1823,
        4000,
        674,
        2087,
        295,
        4135,
        5290,
        4523,
        1323,
        1964,
        172,
        812,
        1452,
        685,
        686,
        1327,
        1840,
        1329,
        435,
        51,
        55,
        315,
        1855,
        191,
        704,
        2497,
        2498,
        2499,
        2117,
        2631,
        968,
        329,
        330,
        77,
        209,
        337,
        1364,
        3029,
        2391,
        344,
        89,
        91,
        3291,
        92,
        2012,
        1630,
        351,
        356,
        1893,
        1253,
        229,
        358,
        3430,
        103,
        2407,
        491,
        876,
        2030,
        116,
        3960,
        633,
        507,
        379
      ],
      "podcast": false,
      "urlTarget": "_blank",
      "campaign": "Instana - Manual Monitoring Bad! Automatic Monitoring Good!",
      "author": "",
      "registerOnInfoq": false,
      "landingOnInfoq": false,
      "sponsoredPath": null
    },
    {
      "isPodcast": false,
      "m_categories": [
        1024,
        1,
        2,
        899,
        4,
        5,
        2952,
        4745,
        2186,
        5643,
        11,
        397,
        141,
        398,
        142,
        2961,
        17,
        3987,
        277,
        281,
        1050,
        4124,
        1180,
        926,
        542,
        4000,
        674,
        419,
        2087,
        295,
        4135,
        5290,
        4523,
        1964,
        812,
        1452,
        685,
        686,
        1327,
        1840,
        1329,
        435,
        2099,
        315,
        1855,
        191,
        704,
        2497,
        2498,
        2631,
        968,
        330,
        77,
        209,
        337,
        1364,
        3029,
        2391,
        89,
        91,
        3291,
        92,
        2012,
        479,
        6243,
        356,
        1893,
        1253,
        229,
        358,
        103,
        2407,
        491,
        876,
        2030,
        116,
        3960,
        633,
        507,
        379,
        6011
      ],
      "coverImagePath": "https://res.infoq.com/vcr/5066/cover/InstanaAPMWebinar-1552665763714.jpg",
      "external": true,
      "id": 5066,
      "type": "demo",
      "company": "Instana",
      "title": "The Ultimate Application Monitoring Guide for Kubernetes",
      "shortSummary": "Kubernetes was supposed to address the application resource nightmare, but it hasn’t worked out that way.  There's  a way to effectively manage the performance of orchestrated, containerized applications but a whole new monitoring attitude is required, and it begins with complete automation.",
      "categories": [
        1024,
        1,
        2,
        899,
        4,
        5,
        2952,
        4745,
        2186,
        5643,
        11,
        397,
        141,
        398,
        142,
        2961,
        17,
        3987,
        277,
        281,
        1050,
        4124,
        1180,
        926,
        542,
        4000,
        674,
        419,
        2087,
        295,
        4135,
        5290,
        4523,
        1964,
        812,
        1452,
        685,
        686,
        1327,
        1840,
        1329,
        435,
        2099,
        315,
        1855,
        191,
        704,
        2497,
        2498,
        2631,
        968,
        330,
        77,
        209,
        337,
        1364,
        3029,
        2391,
        89,
        91,
        3291,
        92,
        2012,
        479,
        6243,
        356,
        1893,
        1253,
        229,
        358,
        103,
        2407,
        491,
        876,
        2030,
        116,
        3960,
        633,
        507,
        379,
        6011
      ],
      "podcast": false,
      "urlTarget": "_blank",
      "campaign": "Instana - The Ultimate Application Monitoring Guide for Kubernetes",
      "author": "",
      "registerOnInfoq": false,
      "landingOnInfoq": false,
      "sponsoredPath": null
    },
    {
      "isPodcast": false,
      "m_categories": [],
      "coverImagePath": "https://res.infoq.com/vcr/5099/cover/LightStepBrokeAPMWP-1563513522820.jpg",
      "external": false,
      "id": 5099,
      "type": "pdf",
      "company": "LightStep",
      "title": "Microservices Broke APM: Why we Need a New Scorecard for Observability",
      "shortSummary": "Metrics, logs, and traces, taken on their own,  do not constitute a coherent approach to observability.  This guide presents an alternative, value-driven approach to independently measuring and grading an observability practice – a new scorecard for observability.",
      "categories": [],
      "podcast": false,
      "urlTarget": "_blank",
      "campaign": "LightStep - Microservices Broke APM: Why we Need a New Scorecard for Observability/(7.19)Putting Services First - A New Scorecard for Observability",
      "author": "",
      "registerOnInfoq": false,
      "landingOnInfoq": false,
      "sponsoredPath": null
    },
    {
      "isPodcast": false,
      "m_categories": [
        1024,
        1,
        2306,
        5,
        1798,
        1289,
        5643,
        1803,
        13,
        2061,
        17,
        281,
        2073,
        1050,
        4124,
        3100,
        1823,
        295,
        2087,
        4135,
        815,
        1327,
        1840,
        1331,
        3124,
        1339,
        1852,
        1853,
        317,
        2110,
        1855,
        833,
        583,
        2631,
        330,
        331,
        77,
        336,
        337,
        2900,
        1364,
        84,
        2391,
        351,
        1636,
        356,
        1893,
        2407,
        871,
        107,
        5749,
        373,
        3960,
        2936,
        379,
        6011,
        3965,
        1406,
        387,
        899,
        2952,
        4745,
        2186,
        1675,
        1677,
        141,
        398,
        142,
        1428,
        4000,
        2724,
        2727,
        4523,
        2219,
        171,
        1453,
        3766,
        951,
        6073,
        1465,
        447,
        2497,
        2498,
        1480,
        2768,
        209,
        3029,
        3030,
        2007,
        2265,
        2012,
        1245,
        990,
        479,
        2530,
        996,
        491,
        2283,
        2799,
        6127,
        1009,
        2294,
        251,
        507,
        2555,
        2813
      ],
      "coverImagePath": "https://res.infoq.com/vcr/5103/cover/Site24x7AppSMonitoring-1539703211885.jpg",
      "external": true,
      "id": 5103,
      "type": "demo",
      "company": "Site24x7",
      "title": "Obtain a holistic view of your application behaviour and troubleshoot errors with Site24x7",
      "shortSummary": "View the following key metrics for any dependent resource: response time, throughput, status of connection, and failed request count. Identify any abnormalities—like increases in response time or throughput—at a single glance and inspect them without delay.",
      "categories": [
        1024,
        1,
        2306,
        5,
        1798,
        1289,
        5643,
        1803,
        13,
        2061,
        17,
        281,
        2073,
        1050,
        4124,
        3100,
        1823,
        295,
        2087,
        4135,
        815,
        1327,
        1840,
        1331,
        3124,
        1339,
        1852,
        1853,
        317,
        2110,
        1855,
        833,
        583,
        2631,
        330,
        331,
        77,
        336,
        337,
        2900,
        1364,
        84,
        2391,
        351,
        1636,
        356,
        1893,
        2407,
        871,
        107,
        5749,
        373,
        3960,
        2936,
        379,
        6011,
        3965,
        1406,
        387,
        899,
        2952,
        4745,
        2186,
        1675,
        1677,
        141,
        398,
        142,
        1428,
        4000,
        2724,
        2727,
        4523,
        2219,
        171,
        1453,
        3766,
        951,
        6073,
        1465,
        447,
        2497,
        2498,
        1480,
        2768,
        209,
        3029,
        3030,
        2007,
        2265,
        2012,
        1245,
        990,
        479,
        2530,
        996,
        491,
        2283,
        2799,
        6127,
        1009,
        2294,
        251,
        507,
        2555,
        2813
      ],
      "podcast": false,
      "urlTarget": "_blank",
      "campaign": "Site24x7 - Obtain a holistic view of your application behaviour and troubleshoot errors with Site24x7",
      "author": "",
      "registerOnInfoq": false,
      "landingOnInfoq": false,
      "sponsoredPath": null
    },
    {
      "isPodcast": false,
      "m_categories": [
        1024,
        1,
        2306,
        5,
        1798,
        1289,
        5643,
        1803,
        13,
        2061,
        17,
        281,
        2073,
        1050,
        4124,
        3100,
        1823,
        295,
        2087,
        4135,
        815,
        1327,
        1840,
        1331,
        3124,
        1339,
        1852,
        1853,
        317,
        2110,
        1855,
        833,
        583,
        2631,
        330,
        331,
        77,
        336,
        337,
        2900,
        1364,
        84,
        2391,
        351,
        1636,
        356,
        1893,
        2407,
        871,
        107,
        5749,
        373,
        3960,
        2936,
        379,
        6011,
        3965,
        1406,
        387,
        899,
        2952,
        4745,
        2186,
        1675,
        1677,
        141,
        398,
        142,
        1428,
        4000,
        2724,
        2727,
        4523,
        2219,
        171,
        1453,
        3766,
        951,
        6073,
        1465,
        447,
        2497,
        2498,
        1480,
        2768,
        209,
        3029,
        3030,
        2007,
        2265,
        2012,
        1245,
        990,
        479,
        2530,
        996,
        491,
        2283,
        2799,
        6127,
        1009,
        2294,
        251,
        507,
        2555,
        2813
      ],
      "coverImagePath": "https://res.infoq.com/vcr/5104/cover/Site24x7Monitor-1539703349645.jpg",
      "external": true,
      "id": 5104,
      "type": "demo",
      "company": "Site24x7",
      "title": "Monitor the time taken by DB queries and external calls. Identify slow queries and eliminate them.",
      "shortSummary": "Get detailed performance metrics to identify slow database calls, database usage and overall performance of the database furnished with detailed graphical and tabular representations.",
      "categories": [
        1024,
        1,
        2306,
        5,
        1798,
        1289,
        5643,
        1803,
        13,
        2061,
        17,
        281,
        2073,
        1050,
        4124,
        3100,
        1823,
        295,
        2087,
        4135,
        815,
        1327,
        1840,
        1331,
        3124,
        1339,
        1852,
        1853,
        317,
        2110,
        1855,
        833,
        583,
        2631,
        330,
        331,
        77,
        336,
        337,
        2900,
        1364,
        84,
        2391,
        351,
        1636,
        356,
        1893,
        2407,
        871,
        107,
        5749,
        373,
        3960,
        2936,
        379,
        6011,
        3965,
        1406,
        387,
        899,
        2952,
        4745,
        2186,
        1675,
        1677,
        141,
        398,
        142,
        1428,
        4000,
        2724,
        2727,
        4523,
        2219,
        171,
        1453,
        3766,
        951,
        6073,
        1465,
        447,
        2497,
        2498,
        1480,
        2768,
        209,
        3029,
        3030,
        2007,
        2265,
        2012,
        1245,
        990,
        479,
        2530,
        996,
        491,
        2283,
        2799,
        6127,
        1009,
        2294,
        251,
        507,
        2555,
        2813
      ],
      "podcast": false,
      "urlTarget": "_blank",
      "campaign": "Site24x7 - Monitor the time taken by DB queries and external calls. Identify slow queries and eliminate them.",
      "author": "",
      "registerOnInfoq": false,
      "landingOnInfoq": false,
      "sponsoredPath": null
    },
    {
      "isPodcast": false,
      "m_categories": [
        1024,
        1,
        2306,
        387,
        899,
        5,
        2952,
        1289,
        4745,
        2186,
        5643,
        1675,
        1803,
        141,
        398,
        142,
        17,
        1428,
        281,
        2073,
        1050,
        4124,
        3100,
        1823,
        4000,
        2724,
        2087,
        295,
        2727,
        4135,
        4523,
        1453,
        815,
        1327,
        1840,
        3124,
        3766,
        951,
        6073,
        1465,
        1339,
        317,
        2110,
        1855,
        447,
        2497,
        2498,
        583,
        2631,
        1480,
        330,
        331,
        77,
        336,
        2768,
        209,
        337,
        2900,
        1364,
        84,
        3029,
        2007,
        2391,
        2265,
        2012,
        1245,
        990,
        479,
        351,
        996,
        356,
        1893,
        2407,
        871,
        491,
        2283,
        6127,
        5749,
        373,
        2294,
        3960,
        251,
        507,
        379,
        6011,
        3965,
        2813,
        1406
      ],
      "coverImagePath": "https://res.infoq.com/vcr/5105/cover/Site24x7MonitorApps-1539703044744.jpg",
      "external": true,
      "id": 5105,
      "type": "demo",
      "company": "Site24x7",
      "title": "Monitor your applications built in Java, .NET , Ruby, PHP and Node.js",
      "shortSummary": "Get unmatched visibility into the way web applications behave. Visualize web transactions from end to end, with performance metrics of all components starting from URLs to SQL queries allowing you to identify and resolve performance degradation no matter where they originate.",
      "categories": [
        1024,
        1,
        2306,
        387,
        899,
        5,
        2952,
        1289,
        4745,
        2186,
        5643,
        1675,
        1803,
        141,
        398,
        142,
        17,
        1428,
        281,
        2073,
        1050,
        4124,
        3100,
        1823,
        4000,
        2724,
        2087,
        295,
        2727,
        4135,
        4523,
        1453,
        815,
        1327,
        1840,
        3124,
        3766,
        951,
        6073,
        1465,
        1339,
        317,
        2110,
        1855,
        447,
        2497,
        2498,
        583,
        2631,
        1480,
        330,
        331,
        77,
        336,
        2768,
        209,
        337,
        2900,
        1364,
        84,
        3029,
        2007,
        2391,
        2265,
        2012,
        1245,
        990,
        479,
        351,
        996,
        356,
        1893,
        2407,
        871,
        491,
        2283,
        6127,
        5749,
        373,
        2294,
        3960,
        251,
        507,
        379,
        6011,
        3965,
        2813,
        1406
      ],
      "podcast": false,
      "urlTarget": "_blank",
      "campaign": "Site24x7 - Monitor your applications built in Java, .NET , Ruby, PHP and Node.js",
      "author": "",
      "registerOnInfoq": false,
      "landingOnInfoq": false,
      "sponsoredPath": null
    },
    {
      "isPodcast": false,
      "m_categories": [
        1,
        2,
        899,
        4,
        5,
        2952,
        4745,
        2186,
        11,
        397,
        141,
        398,
        142,
        2961,
        17,
        3987,
        277,
        281,
        1050,
        4124,
        1180,
        926,
        542,
        4000,
        674,
        2087,
        295,
        4135,
        5290,
        4523,
        1964,
        812,
        1452,
        685,
        686,
        1327,
        1840,
        1329,
        435,
        315,
        1855,
        191,
        704,
        2497,
        2498,
        2631,
        968,
        330,
        77,
        209,
        337,
        1364,
        3029,
        2391,
        89,
        91,
        3291,
        92,
        2012,
        356,
        1893,
        1253,
        229,
        358,
        103,
        2407,
        491,
        876,
        2030,
        116,
        3960,
        633,
        507,
        379
      ],
      "coverImagePath": "https://res.infoq.com/vcr/5116/cover/WSO2HybridAPIWP-1559742471211.jpg",
      "external": false,
      "id": 5116,
      "type": "pdf",
      "company": "WSO2",
      "title": "Hybrid API Management: Run Your API Gateways Anywhere",
      "shortSummary": "API management is moving towards hybrid approaches, where some parts of the platform are cloud-based and the rest is based on on-premises data centers. This paper intends to explain why and when you would need a hybrid API management solution.",
      "categories": [
        1,
        2,
        899,
        4,
        5,
        2952,
        4745,
        2186,
        11,
        397,
        141,
        398,
        142,
        2961,
        17,
        3987,
        277,
        281,
        1050,
        4124,
        1180,
        926,
        542,
        4000,
        674,
        2087,
        295,
        4135,
        5290,
        4523,
        1964,
        812,
        1452,
        685,
        686,
        1327,
        1840,
        1329,
        435,
        315,
        1855,
        191,
        704,
        2497,
        2498,
        2631,
        968,
        330,
        77,
        209,
        337,
        1364,
        3029,
        2391,
        89,
        91,
        3291,
        92,
        2012,
        356,
        1893,
        1253,
        229,
        358,
        103,
        2407,
        491,
        876,
        2030,
        116,
        3960,
        633,
        507,
        379
      ],
      "podcast": false,
      "urlTarget": "_blank",
      "campaign": "WSO2 - Hybrid API Management: Run Your API Gateways Anywhere",
      "author": "",
      "registerOnInfoq": false,
      "landingOnInfoq": false,
      "sponsoredPath": null
    },
    {
      "isPodcast": false,
      "m_categories": [
        640,
        1,
        2,
        2306,
        899,
        4,
        5,
        2952,
        4745,
        2186,
        11,
        397,
        141,
        398,
        142,
        6160,
        2961,
        17,
        3987,
        277,
        1817,
        281,
        2201,
        1818,
        1050,
        4124,
        1180,
        926,
        542,
        4000,
        674,
        2979,
        1571,
        1190,
        2087,
        295,
        4135,
        5290,
        4523,
        1964,
        812,
        1452,
        685,
        686,
        1327,
        1840,
        1329,
        435,
        315,
        1855,
        191,
        704,
        2497,
        2498,
        2631,
        968,
        330,
        77,
        1103,
        209,
        337,
        1620,
        1364,
        3029,
        2391,
        89,
        91,
        3291,
        92,
        2012,
        356,
        1893,
        1253,
        229,
        358,
        103,
        2407,
        491,
        876,
        2030,
        242,
        116,
        3960,
        633,
        6265,
        507,
        379
      ],
      "coverImagePath": "https://res.infoq.com/vcr/5117/cover/WSO2OpenSourceAccessManagementWP-1559742806226.jpg",
      "external": false,
      "id": 5117,
      "type": "pdf",
      "company": "WSO2",
      "title": "The Case for Open Source Identity and Access Management",
      "shortSummary": "This white paper discusses the benefits of adopting an open source IAM solution, how to choose the right open source IAM solution, and how WSO2 Identity Server helps to build a new IAM solution or migrate from an existing proprietary solution.",
      "categories": [
        640,
        1,
        2,
        2306,
        899,
        4,
        5,
        2952,
        4745,
        2186,
        11,
        397,
        141,
        398,
        142,
        6160,
        2961,
        17,
        3987,
        277,
        1817,
        281,
        2201,
        1818,
        1050,
        4124,
        1180,
        926,
        542,
        4000,
        674,
        2979,
        1571,
        1190,
        2087,
        295,
        4135,
        5290,
        4523,
        1964,
        812,
        1452,
        685,
        686,
        1327,
        1840,
        1329,
        435,
        315,
        1855,
        191,
        704,
        2497,
        2498,
        2631,
        968,
        330,
        77,
        1103,
        209,
        337,
        1620,
        1364,
        3029,
        2391,
        89,
        91,
        3291,
        92,
        2012,
        356,
        1893,
        1253,
        229,
        358,
        103,
        2407,
        491,
        876,
        2030,
        242,
        116,
        3960,
        633,
        6265,
        507,
        379
      ],
      "podcast": false,
      "urlTarget": "_blank",
      "campaign": "WSO2 - The Case for Open Source Identity and Access Management",
      "author": "",
      "registerOnInfoq": false,
      "landingOnInfoq": false,
      "sponsoredPath": null
    },
    {
      "isPodcast": false,
      "m_categories": [
        1024,
        1,
        2,
        2306,
        5,
        1798,
        4365,
        13,
        277,
        21,
        1817,
        1818,
        794,
        1050,
        4124,
        295,
        4135,
        2088,
        1582,
        1583,
        1327,
        1331,
        1852,
        1853,
        317,
        1855,
        832,
        833,
        585,
        4174,
        1103,
        337,
        1620,
        1364,
        1876,
        84,
        92,
        1379,
        1636,
        356,
        1893,
        358,
        103,
        2407,
        107,
        876,
        1902,
        1903,
        1904,
        373,
        3960,
        2936,
        121,
        1661,
        3965,
        893,
        1406,
        2175,
        5503,
        640,
        899,
        2952,
        4745,
        652,
        1677,
        2446,
        1428,
        2201,
        412,
        414,
        4000,
        419,
        1190,
        1191,
        4523,
        2219,
        171,
        1452,
        2733,
        4027,
        1982,
        447,
        704,
        2497,
        3521,
        2498,
        1991,
        1480,
        4554,
        2253,
        5839,
        209,
        3030,
        2007,
        217,
        2265,
        2012,
        3549,
        990,
        479,
        2530,
        740,
        2283,
        1006,
        2030,
        2799,
        1008,
        1009,
        242,
        251,
        507,
        2555
      ],
      "coverImagePath": "https://res.infoq.com/vcr/5127/cover/RedisLabsMicroservicesWP-1562649179160.jpg",
      "external": false,
      "id": 5127,
      "type": "pdf",
      "company": "RedisLabs",
      "title": "Microservices with Redis Enterprise on Kubernetes",
      "shortSummary": "Microservices are a great way for organizations to modernize application architecture. Technologies such as containers and Kubernetes are emerging to facilitate the adoption and management of microservices. Learn why Redis Enterprise is uniquely suited to a microservices application environment.",
      "categories": [
        1024,
        1,
        2,
        2306,
        5,
        1798,
        4365,
        13,
        277,
        21,
        1817,
        1818,
        794,
        1050,
        4124,
        295,
        4135,
        2088,
        1582,
        1583,
        1327,
        1331,
        1852,
        1853,
        317,
        1855,
        832,
        833,
        585,
        4174,
        1103,
        337,
        1620,
        1364,
        1876,
        84,
        92,
        1379,
        1636,
        356,
        1893,
        358,
        103,
        2407,
        107,
        876,
        1902,
        1903,
        1904,
        373,
        3960,
        2936,
        121,
        1661,
        3965,
        893,
        1406,
        2175,
        5503,
        640,
        899,
        2952,
        4745,
        652,
        1677,
        2446,
        1428,
        2201,
        412,
        414,
        4000,
        419,
        1190,
        1191,
        4523,
        2219,
        171,
        1452,
        2733,
        4027,
        1982,
        447,
        704,
        2497,
        3521,
        2498,
        1991,
        1480,
        4554,
        2253,
        5839,
        209,
        3030,
        2007,
        217,
        2265,
        2012,
        3549,
        990,
        479,
        2530,
        740,
        2283,
        1006,
        2030,
        2799,
        1008,
        1009,
        242,
        251,
        507,
        2555
      ],
      "podcast": false,
      "urlTarget": "_blank",
      "campaign": "RedisLabs - Microservices with Redis Enterprise on Kubernetes",
      "author": "",
      "registerOnInfoq": false,
      "landingOnInfoq": false,
      "sponsoredPath": null
    },
    {
      "isPodcast": false,
      "m_categories": [
        385,
        1,
        387,
        899,
        4,
        5,
        396,
        2316,
        271,
        144,
        273,
        281,
        2073,
        283,
        155,
        2844,
        412,
        1441,
        295,
        426,
        4523,
        172,
        1452,
        173,
        2748,
        317,
        959,
        2497,
        2498,
        2499,
        1480,
        713,
        976,
        336,
        209,
        977,
        337,
        851,
        1364,
        344,
        217,
        2265,
        1882,
        1245,
        990,
        1893,
        2407,
        490,
        1899,
        2283,
        6127,
        1650,
        2035,
        1908,
        373,
        2294,
        507,
        379,
        508,
        3965,
        383,
        2815
      ],
      "coverImagePath": "https://res.infoq.com/vcr/5128/cover/CambrionixUSBHubWPV2-1559558753050.jpg",
      "external": true,
      "id": 5128,
      "type": "pdf",
      "company": "Cambrionix",
      "title": "Mobile Testing for the Enterprise: Why You Need an Industrial USB Hub",
      "shortSummary": "This guide provides you with everything you need to know about USB hubs, presented in a simple, yet strategic, way. It’s your one-stop-shop to understanding how mobile devices work with USB hubs – and will help you stay informed and educated on this topic.",
      "categories": [
        385,
        1,
        387,
        899,
        4,
        5,
        396,
        2316,
        271,
        144,
        273,
        281,
        2073,
        283,
        155,
        2844,
        412,
        1441,
        295,
        426,
        4523,
        172,
        1452,
        173,
        2748,
        317,
        959,
        2497,
        2498,
        2499,
        1480,
        713,
        976,
        336,
        209,
        977,
        337,
        851,
        1364,
        344,
        217,
        2265,
        1882,
        1245,
        990,
        1893,
        2407,
        490,
        1899,
        2283,
        6127,
        1650,
        2035,
        1908,
        373,
        2294,
        507,
        379,
        508,
        3965,
        383,
        2815
      ],
      "podcast": false,
      "urlTarget": "_blank",
      "campaign": "Cambrionix - Mobile Testing for the Enterprise: Why You Need an Industrial USB Hub",
      "author": "",
      "registerOnInfoq": false,
      "landingOnInfoq": false,
      "sponsoredPath": null
    },
    {
      "isPodcast": false,
      "m_categories": [
        1024,
        640,
        385,
        2,
        2306,
        899,
        261,
        4745,
        5642,
        5643,
        1168,
        2961,
        17,
        18,
        1428,
        277,
        281,
        2201,
        1818,
        1050,
        4124,
        412,
        4000,
        3621,
        2727,
        4135,
        4523,
        1964,
        1452,
        1327,
        1329,
        436,
        5173,
        1206,
        2487,
        315,
        2748,
        2109,
        317,
        2110,
        1855,
        5183,
        704,
        2497,
        2498,
        4422,
        1480,
        329,
        330,
        1615,
        336,
        209,
        337,
        1364,
        1750,
        1367,
        2391,
        6104,
        89,
        6105,
        6233,
        2265,
        91,
        6107,
        92,
        2012,
        6108,
        990,
        5726,
        96,
        98,
        356,
        1893,
        358,
        2407,
        491,
        876,
        4461,
        2030,
        3182,
        4082,
        1010,
        6004,
        5749,
        3189,
        6005,
        3960,
        251,
        507,
        6011,
        383
      ],
      "coverImagePath": "https://res.infoq.com/vcr/5135/cover/RedHatLinuxCommandsWP-1561716129395.jpg",
      "external": true,
      "id": 5135,
      "type": "download",
      "company": "Red Hat",
      "title": "Advanced Linux Commands",
      "shortSummary": "In this cheat sheet, author Maxim Burgerhout, uses the development of a LAMP application as an example and provides commands to: Get started developing a web application on Red Hat Enterprise Linux 7,  set up a SELinux boolean, run a program in the background in your shell,, use Java instead of PHP.",
      "categories": [
        1024,
        640,
        385,
        2,
        2306,
        899,
        261,
        4745,
        5642,
        5643,
        1168,
        2961,
        17,
        18,
        1428,
        277,
        281,
        2201,
        1818,
        1050,
        4124,
        412,
        4000,
        3621,
        2727,
        4135,
        4523,
        1964,
        1452,
        1327,
        1329,
        436,
        5173,
        1206,
        2487,
        315,
        2748,
        2109,
        317,
        2110,
        1855,
        5183,
        704,
        2497,
        2498,
        4422,
        1480,
        329,
        330,
        1615,
        336,
        209,
        337,
        1364,
        1750,
        1367,
        2391,
        6104,
        89,
        6105,
        6233,
        2265,
        91,
        6107,
        92,
        2012,
        6108,
        990,
        5726,
        96,
        98,
        356,
        1893,
        358,
        2407,
        491,
        876,
        4461,
        2030,
        3182,
        4082,
        1010,
        6004,
        5749,
        3189,
        6005,
        3960,
        251,
        507,
        6011,
        383
      ],
      "podcast": false,
      "urlTarget": "_blank",
      "campaign": "Red Hat - Advanced Linux Commands/(7.2)One-click Java Spring PetClinic Web App on Openshift",
      "author": "",
      "registerOnInfoq": false,
      "landingOnInfoq": false,
      "sponsoredPath": null
    },
    {
      "isPodcast": false,
      "m_categories": [
        1024,
        1,
        2,
        899,
        4,
        261,
        5,
        2952,
        4745,
        2186,
        11,
        397,
        141,
        398,
        142,
        2961,
        17,
        3987,
        277,
        281,
        1050,
        4124,
        1180,
        3100,
        926,
        542,
        4000,
        674,
        2087,
        295,
        2727,
        4135,
        5290,
        4523,
        1964,
        812,
        1452,
        685,
        686,
        1327,
        1840,
        1329,
        435,
        3124,
        315,
        1339,
        2109,
        2110,
        1855,
        191,
        2495,
        704,
        2497,
        2498,
        2631,
        968,
        2250,
        330,
        331,
        77,
        5967,
        209,
        337,
        1364,
        3029,
        2391,
        89,
        91,
        3291,
        92,
        2012,
        479,
        996,
        356,
        1893,
        1253,
        229,
        358,
        103,
        2407,
        491,
        876,
        2030,
        116,
        3060,
        3960,
        633,
        507,
        379,
        2813
      ],
      "coverImagePath": "https://res.infoq.com/vcr/5138/cover/RedHatOpenShifft4-1561716530954.jpg",
      "external": true,
      "id": 5138,
      "type": "pdf",
      "company": "Red Hat",
      "title": "Download Openshift 4 for AWS, for Free",
      "shortSummary": "Red Hat OpenShift offers automated installation, upgrades, and lifecycle management throughout the container stack—the operating system, Kubernetes and cluster services, and applications—on any cloud. Manage with simplicity. In the cloud or anywhere.",
      "categories": [
        1024,
        1,
        2,
        899,
        4,
        261,
        5,
        2952,
        4745,
        2186,
        11,
        397,
        141,
        398,
        142,
        2961,
        17,
        3987,
        277,
        281,
        1050,
        4124,
        1180,
        3100,
        926,
        542,
        4000,
        674,
        2087,
        295,
        2727,
        4135,
        5290,
        4523,
        1964,
        812,
        1452,
        685,
        686,
        1327,
        1840,
        1329,
        435,
        3124,
        315,
        1339,
        2109,
        2110,
        1855,
        191,
        2495,
        704,
        2497,
        2498,
        2631,
        968,
        2250,
        330,
        331,
        77,
        5967,
        209,
        337,
        1364,
        3029,
        2391,
        89,
        91,
        3291,
        92,
        2012,
        479,
        996,
        356,
        1893,
        1253,
        229,
        358,
        103,
        2407,
        491,
        876,
        2030,
        116,
        3060,
        3960,
        633,
        507,
        379,
        2813
      ],
      "podcast": false,
      "urlTarget": "_blank",
      "campaign": "Red Hat - Download Openshift 4 for AWS, for Free",
      "author": "",
      "registerOnInfoq": false,
      "landingOnInfoq": false,
      "sponsoredPath": null
    },
    {
      "isPodcast": false,
      "m_categories": [
        1024,
        640,
        385,
        2,
        2306,
        899,
        261,
        4745,
        5642,
        5643,
        1168,
        2961,
        17,
        18,
        1428,
        277,
        281,
        2201,
        1818,
        1050,
        4124,
        412,
        4000,
        3621,
        2727,
        4135,
        4523,
        1964,
        1452,
        1327,
        1329,
        436,
        3124,
        5173,
        1206,
        2487,
        315,
        2748,
        2109,
        317,
        2110,
        1855,
        5183,
        704,
        2497,
        2498,
        4422,
        1480,
        329,
        330,
        1615,
        336,
        209,
        337,
        1364,
        1750,
        1367,
        2391,
        6104,
        89,
        6105,
        6233,
        2265,
        91,
        6107,
        92,
        2012,
        6108,
        990,
        5726,
        96,
        98,
        356,
        1893,
        358,
        2407,
        491,
        876,
        4461,
        2030,
        3182,
        4082,
        1010,
        6004,
        5749,
        3189,
        6005,
        3960,
        251,
        507,
        6011,
        383
      ],
      "coverImagePath": "https://res.infoq.com/vcr/5142/cover/RedHatKubernetesWP-1562770476840.jpg",
      "external": true,
      "id": 5142,
      "type": "download",
      "company": "Red Hat",
      "title": "Become a Kubernetes Master – Download the Cheat Sheet",
      "shortSummary": "Kubernetes is an open-source platform for automating deployment, scaling and operations of application containers across clusters of hosts.  Download this Kubernetes cheat sheet to learn how to install Minikube, run locally on Minikube, install Kubectl, and use the Kubectl CLI.",
      "categories": [
        1024,
        640,
        385,
        2,
        2306,
        899,
        261,
        4745,
        5642,
        5643,
        1168,
        2961,
        17,
        18,
        1428,
        277,
        281,
        2201,
        1818,
        1050,
        4124,
        412,
        4000,
        3621,
        2727,
        4135,
        4523,
        1964,
        1452,
        1327,
        1329,
        436,
        3124,
        5173,
        1206,
        2487,
        315,
        2748,
        2109,
        317,
        2110,
        1855,
        5183,
        704,
        2497,
        2498,
        4422,
        1480,
        329,
        330,
        1615,
        336,
        209,
        337,
        1364,
        1750,
        1367,
        2391,
        6104,
        89,
        6105,
        6233,
        2265,
        91,
        6107,
        92,
        2012,
        6108,
        990,
        5726,
        96,
        98,
        356,
        1893,
        358,
        2407,
        491,
        876,
        4461,
        2030,
        3182,
        4082,
        1010,
        6004,
        5749,
        3189,
        6005,
        3960,
        251,
        507,
        6011,
        383
      ],
      "podcast": false,
      "urlTarget": "_blank",
      "campaign": "Red Hat - Become a Kubernetes Master – Download the Cheat Sheet",
      "author": "",
      "registerOnInfoq": false,
      "landingOnInfoq": false,
      "sponsoredPath": null
    },
    {
      "isPodcast": false,
      "m_categories": [
        1024,
        1,
        2,
        2306,
        4,
        5,
        1798,
        13,
        277,
        21,
        1817,
        1818,
        1050,
        6171,
        540,
        295,
        4135,
        2088,
        1582,
        1583,
        1327,
        1331,
        3124,
        6456,
        1339,
        1852,
        1853,
        317,
        1855,
        832,
        833,
        585,
        4174,
        1103,
        337,
        1620,
        1364,
        1876,
        91,
        92,
        1379,
        1636,
        356,
        1893,
        358,
        103,
        2407,
        1386,
        107,
        1387,
        876,
        1902,
        1903,
        1904,
        373,
        3960,
        2936,
        121,
        1661,
        3965,
        893,
        1406,
        2175,
        5503,
        640,
        5250,
        899,
        2952,
        4745,
        652,
        1677,
        2446,
        1428,
        2201,
        412,
        2716,
        4000,
        419,
        1190,
        1191,
        4523,
        2219,
        171,
        1452,
        2733,
        2227,
        3770,
        4027,
        5312,
        704,
        2497,
        2498,
        1991,
        1480,
        2253,
        209,
        3030,
        2007,
        217,
        2265,
        2012,
        1245,
        990,
        479,
        2530,
        740,
        2283,
        1006,
        2030,
        2799,
        1008,
        1009,
        242,
        1010,
        251,
        507,
        2555
      ],
      "coverImagePath": "https://res.infoq.com/vcr/5143/cover/InfluxDataAPMWP-1562935739557.jpg",
      "external": false,
      "id": 5143,
      "type": "pdf",
      "company": "InfluxData",
      "title": "Application Performance Monitoring (APM) using the InfluxDB Time Series Platform",
      "shortSummary": "The paper discusses APM value propositions, functionalities and implementation methods. It also discusses the benefits of performing APM using open source technologies, and in specific, how to perform APM using InfluxDB open source time series platform. Register to download this paper.",
      "categories": [
        1024,
        1,
        2,
        2306,
        4,
        5,
        1798,
        13,
        277,
        21,
        1817,
        1818,
        1050,
        6171,
        540,
        295,
        4135,
        2088,
        1582,
        1583,
        1327,
        1331,
        3124,
        6456,
        1339,
        1852,
        1853,
        317,
        1855,
        832,
        833,
        585,
        4174,
        1103,
        337,
        1620,
        1364,
        1876,
        91,
        92,
        1379,
        1636,
        356,
        1893,
        358,
        103,
        2407,
        1386,
        107,
        1387,
        876,
        1902,
        1903,
        1904,
        373,
        3960,
        2936,
        121,
        1661,
        3965,
        893,
        1406,
        2175,
        5503,
        640,
        5250,
        899,
        2952,
        4745,
        652,
        1677,
        2446,
        1428,
        2201,
        412,
        2716,
        4000,
        419,
        1190,
        1191,
        4523,
        2219,
        171,
        1452,
        2733,
        2227,
        3770,
        4027,
        5312,
        704,
        2497,
        2498,
        1991,
        1480,
        2253,
        209,
        3030,
        2007,
        217,
        2265,
        2012,
        1245,
        990,
        479,
        2530,
        740,
        2283,
        1006,
        2030,
        2799,
        1008,
        1009,
        242,
        1010,
        251,
        507,
        2555
      ],
      "podcast": false,
      "urlTarget": "_blank",
      "campaign": "InfluxData - Application Performance Monitoring (APM) using the InfluxDB Time Series Platform",
      "author": "",
      "registerOnInfoq": false,
      "landingOnInfoq": false,
      "sponsoredPath": null
    },
    {
      "isPodcast": false,
      "m_categories": [],
      "coverImagePath": "https://res.infoq.com/vcr/5152/cover/Couchbase-Relational-to-NoSQL-1530707772053.jpg",
      "external": false,
      "id": 5152,
      "type": "pdf",
      "company": "Couchbase",
      "title": "TEST Making the Shift from Relational to NoSQL",
      "shortSummary": "Companies like AT&T, GE, and PayPal have successfully transitioned from relational to NoSQL for their critical web, mobile, and IoT applications. By understanding where to introduce NoSQL, how to model and access the data, and how to manage and monitor a distributed database, you can do the same.",
      "categories": [],
      "podcast": false,
      "urlTarget": "_blank",
      "campaign": "TEST - Couchbase - Making the Shift from Relational to NoSQL",
      "author": "",
      "registerOnInfoq": false,
      "landingOnInfoq": false,
      "sponsoredPath": null
    },
    {
      "isPodcast": false,
      "m_categories": [
        1024,
        640,
        385,
        1,
        2,
        2306,
        899,
        2564,
        261,
        4745,
        5642,
        5643,
        1168,
        2961,
        17,
        18,
        1428,
        277,
        281,
        2201,
        1818,
        1050,
        4124,
        412,
        4000,
        3621,
        295,
        2727,
        4135,
        4523,
        1964,
        5548,
        1452,
        1327,
        1329,
        436,
        5173,
        1206,
        2487,
        315,
        2748,
        2109,
        317,
        2110,
        1855,
        5183,
        704,
        2497,
        2498,
        4422,
        1480,
        329,
        330,
        1615,
        336,
        209,
        337,
        1364,
        1750,
        1367,
        2391,
        6104,
        89,
        6105,
        6233,
        2265,
        91,
        6107,
        92,
        2012,
        6108,
        990,
        5726,
        2655,
        96,
        98,
        356,
        1893,
        358,
        2407,
        491,
        876,
        4461,
        2030,
        3182,
        4082,
        1010,
        6004,
        5749,
        3189,
        6005,
        3960,
        251,
        507,
        6011,
        383
      ],
      "coverImagePath": "https://res.infoq.com/vcr/5155/cover/InfoQJavaTrendsReport-1563947216411.jpg",
      "external": true,
      "id": 5155,
      "type": "article",
      "company": "InfoQ",
      "title": "Java InfoQ Trends Report - July 2019",
      "shortSummary": "The report provides an overview of technology adoption and commentary on how we see the Java and JVM-related space evolving in 2019. Key developments include the release of Java 13, the rise of non-HotSpot JVMs and the evolution of GraalVM, and the changing landscape of Java microservice frameworks.",
      "categories": [
        1024,
        640,
        385,
        1,
        2,
        2306,
        899,
        2564,
        261,
        4745,
        5642,
        5643,
        1168,
        2961,
        17,
        18,
        1428,
        277,
        281,
        2201,
        1818,
        1050,
        4124,
        412,
        4000,
        3621,
        295,
        2727,
        4135,
        4523,
        1964,
        5548,
        1452,
        1327,
        1329,
        436,
        5173,
        1206,
        2487,
        315,
        2748,
        2109,
        317,
        2110,
        1855,
        5183,
        704,
        2497,
        2498,
        4422,
        1480,
        329,
        330,
        1615,
        336,
        209,
        337,
        1364,
        1750,
        1367,
        2391,
        6104,
        89,
        6105,
        6233,
        2265,
        91,
        6107,
        92,
        2012,
        6108,
        990,
        5726,
        2655,
        96,
        98,
        356,
        1893,
        358,
        2407,
        491,
        876,
        4461,
        2030,
        3182,
        4082,
        1010,
        6004,
        5749,
        3189,
        6005,
        3960,
        251,
        507,
        6011,
        383
      ],
      "podcast": false,
      "urlTarget": "_blank",
      "campaign": "InfoQ - Java InfoQ Trends Report - July 2019",
      "author": "",
      "registerOnInfoq": false,
      "landingOnInfoq": false,
      "sponsoredPath": null
    },
    {
      "isPodcast": false,
      "m_categories": [
        5312,
        833,
        2497,
        1379,
        6275,
        358,
        2088,
        6440,
        4523,
        171,
        13,
        1677,
        4174,
        1583,
        1331,
        2227,
        1526,
        5815,
        1081,
        1853,
        6175,
        5503
      ],
      "coverImagePath": "https://res.infoq.com/vcr/5156/cover/PodcastML-1564035133032.jpg",
      "external": true,
      "id": 5156,
      "type": "article",
      "company": "InfoQ",
      "title": "Machine Learning for Developers: 5 Essential Podcasts",
      "shortSummary": "We talked to several luminaries in the artificial intelligence (AI) and machine learning (ML) space,  including Grady Booch, Emmanuel Ameisen, Megan Cartwright,  and others.  Explore how some of the most innovative companies are building, training, and deploying AI/ML systems in production.",
      "categories": [
        5312,
        833,
        2497,
        1379,
        6275,
        358,
        2088,
        6440,
        4523,
        171,
        13,
        1677,
        4174,
        1583,
        1331,
        2227,
        1526,
        5815,
        1081,
        1853,
        6175,
        5503
      ],
      "podcast": false,
      "urlTarget": "_blank",
      "campaign": "InfoQ - Machine Learning for Developers: 5 Essential Podcasts",
      "author": "",
      "registerOnInfoq": false,
      "landingOnInfoq": false,
      "sponsoredPath": null
    },
    {
      "isPodcast": false,
      "m_categories": [
        2497,
        2,
        2498,
        4483,
        2407,
        876,
        397,
        5774,
        686,
        2895,
        1329,
        1043,
        1364,
        6005,
        3960,
        2361,
        91,
        5659,
        92
      ],
      "coverImagePath": "https://res.infoq.com/vcr/5157/cover/PodcastArch-1564035683597.jpg",
      "external": true,
      "id": 5157,
      "type": "article",
      "company": "InfoQ",
      "title": "5 Essential Software Architecture Podcasts to Listen to in 2019",
      "shortSummary": "We talked to several luminaries in the artificial intelligence (AI) and machine learning (ML) space,  including Grady Booch, Emmanuel Ameisen, Megan Cartwright,  and others.  Explore how some of the most innovative companies are building, training, and deploying AI/ML systems in production.",
      "categories": [
        2497,
        2,
        2498,
        4483,
        2407,
        876,
        397,
        5774,
        686,
        2895,
        1329,
        1043,
        1364,
        6005,
        3960,
        2361,
        91,
        5659,
        92
      ],
      "podcast": false,
      "urlTarget": "_blank",
      "campaign": "InfoQ - 5 Essential Software Architecture Podcasts to Listen to in 2019",
      "author": "",
      "registerOnInfoq": false,
      "landingOnInfoq": false,
      "sponsoredPath": null
    },
    {
      "isPodcast": false,
      "m_categories": [
        1024,
        1,
        2,
        2306,
        4,
        5,
        1798,
        13,
        277,
        21,
        1817,
        1818,
        1050,
        6171,
        540,
        295,
        4135,
        2088,
        1582,
        1583,
        1327,
        1331,
        3124,
        6456,
        1339,
        1852,
        1853,
        317,
        1855,
        832,
        833,
        585,
        4174,
        1103,
        337,
        1620,
        1364,
        1876,
        91,
        92,
        1379,
        1636,
        356,
        1893,
        358,
        103,
        2407,
        1386,
        107,
        1387,
        876,
        1902,
        1903,
        1904,
        373,
        3960,
        2936,
        121,
        1661,
        3965,
        893,
        1406,
        2175,
        5503,
        640,
        5250,
        899,
        2952,
        4745,
        652,
        1677,
        2446,
        1428,
        2201,
        412,
        2716,
        4000,
        419,
        1190,
        1191,
        4523,
        2219,
        171,
        1452,
        2733,
        2227,
        3770,
        4027,
        5312,
        704,
        2497,
        2498,
        4295,
        1991,
        1480,
        2253,
        209,
        3030,
        2007,
        217,
        2265,
        2012,
        1245,
        990,
        479,
        2530,
        740,
        2283,
        1006,
        2030,
        2799,
        1008,
        1009,
        242,
        1010,
        251,
        507,
        2555
      ],
      "coverImagePath": "https://res.infoq.com/vcr/5159/cover/InfluxDBIoTWP-1564674956145.jpg",
      "external": false,
      "id": 5159,
      "type": "pdf",
      "company": "InfluxData",
      "title": "IoT Architecture - Choosing the Right IoT Data Platform",
      "shortSummary": "This paper reviews how an IoT Data platform fits in with any IoT Architecture to manage the data requirements of every IoT implementation. It is based on the learnings from existing IoT practitioners that have adopted an IoT Data platform using InfluxData.",
      "categories": [
        1024,
        1,
        2,
        2306,
        4,
        5,
        1798,
        13,
        277,
        21,
        1817,
        1818,
        1050,
        6171,
        540,
        295,
        4135,
        2088,
        1582,
        1583,
        1327,
        1331,
        3124,
        6456,
        1339,
        1852,
        1853,
        317,
        1855,
        832,
        833,
        585,
        4174,
        1103,
        337,
        1620,
        1364,
        1876,
        91,
        92,
        1379,
        1636,
        356,
        1893,
        358,
        103,
        2407,
        1386,
        107,
        1387,
        876,
        1902,
        1903,
        1904,
        373,
        3960,
        2936,
        121,
        1661,
        3965,
        893,
        1406,
        2175,
        5503,
        640,
        5250,
        899,
        2952,
        4745,
        652,
        1677,
        2446,
        1428,
        2201,
        412,
        2716,
        4000,
        419,
        1190,
        1191,
        4523,
        2219,
        171,
        1452,
        2733,
        2227,
        3770,
        4027,
        5312,
        704,
        2497,
        2498,
        4295,
        1991,
        1480,
        2253,
        209,
        3030,
        2007,
        217,
        2265,
        2012,
        1245,
        990,
        479,
        2530,
        740,
        2283,
        1006,
        2030,
        2799,
        1008,
        1009,
        242,
        1010,
        251,
        507,
        2555
      ],
      "podcast": false,
      "urlTarget": "_blank",
      "campaign": "InfluxData - IoT Architecture - Choosing the Right IoT Data Platform",
      "author": "",
      "registerOnInfoq": false,
      "landingOnInfoq": false,
      "sponsoredPath": null
    },
    {
      "isPodcast": false,
      "m_categories": [
        1,
        2,
        899,
        4,
        5,
        2952,
        4745,
        2186,
        11,
        397,
        141,
        398,
        142,
        2961,
        17,
        3987,
        277,
        281,
        1050,
        6171,
        4124,
        1180,
        926,
        542,
        4000,
        674,
        2087,
        295,
        4135,
        5290,
        4523,
        1964,
        812,
        1452,
        685,
        686,
        1327,
        1840,
        1329,
        435,
        3124,
        315,
        6203,
        1339,
        1855,
        191,
        704,
        2497,
        2498,
        2499,
        2631,
        968,
        330,
        77,
        209,
        337,
        1364,
        84,
        3029,
        2391,
        89,
        91,
        3291,
        92,
        2012,
        356,
        1893,
        1253,
        229,
        358,
        103,
        2407,
        491,
        1387,
        876,
        2030,
        116,
        3960,
        633,
        507,
        379
      ],
      "coverImagePath": "https://res.infoq.com/vcr/5160/cover/LightStepHowToReduce-1564995387662.jpg",
      "external": false,
      "id": 5160,
      "type": "pdf",
      "company": "LightStep",
      "title": "How to Reduce Your Logging Bill by 90%",
      "shortSummary": "Learn how to massively reduce your logging bill and MTTR, embed application logs in traces at no cost, and more effectively surface the root cause in a complex system. Download the technical white paper to learn more.",
      "categories": [
        1,
        2,
        899,
        4,
        5,
        2952,
        4745,
        2186,
        11,
        397,
        141,
        398,
        142,
        2961,
        17,
        3987,
        277,
        281,
        1050,
        6171,
        4124,
        1180,
        926,
        542,
        4000,
        674,
        2087,
        295,
        4135,
        5290,
        4523,
        1964,
        812,
        1452,
        685,
        686,
        1327,
        1840,
        1329,
        435,
        3124,
        315,
        6203,
        1339,
        1855,
        191,
        704,
        2497,
        2498,
        2499,
        2631,
        968,
        330,
        77,
        209,
        337,
        1364,
        84,
        3029,
        2391,
        89,
        91,
        3291,
        92,
        2012,
        356,
        1893,
        1253,
        229,
        358,
        103,
        2407,
        491,
        1387,
        876,
        2030,
        116,
        3960,
        633,
        507,
        379
      ],
      "podcast": false,
      "urlTarget": "_blank",
      "campaign": "LightStep - How to Reduce Your Logging Bill by 90%",
      "author": "",
      "registerOnInfoq": false,
      "landingOnInfoq": false,
      "sponsoredPath": null
    },
    {
      "isPodcast": false,
      "m_categories": [
        1024,
        1,
        2,
        899,
        4,
        261,
        5,
        2952,
        4745,
        2186,
        11,
        397,
        141,
        398,
        142,
        2961,
        17,
        3987,
        277,
        281,
        1050,
        4124,
        1180,
        3100,
        926,
        542,
        4000,
        674,
        2087,
        295,
        2727,
        4135,
        5290,
        4523,
        1964,
        812,
        1452,
        685,
        686,
        1327,
        1840,
        1329,
        435,
        3124,
        315,
        1339,
        2109,
        2110,
        1855,
        191,
        2495,
        704,
        2497,
        2498,
        2631,
        968,
        2250,
        330,
        331,
        77,
        5967,
        209,
        337,
        1364,
        3029,
        2391,
        89,
        91,
        3291,
        92,
        2012,
        479,
        996,
        356,
        1893,
        1253,
        229,
        358,
        103,
        2407,
        491,
        876,
        2030,
        116,
        3060,
        3960,
        633,
        507,
        379,
        2813
      ],
      "coverImagePath": "https://res.infoq.com/vcr/5161/cover/RedHatOpenShiftWP-1565364301015.jpg",
      "external": true,
      "id": 5161,
      "type": "pdf",
      "company": "Red Hat",
      "title": "OpenShift Guide for Developers (By O’Reilly)",
      "shortSummary": "Learn how to use a virtual machine with OpenShift installed and configured on your local environment, create and deploy your first application on the OpenShift platform, and more. Download the O'Reilly eBook. ",
      "categories": [
        1024,
        1,
        2,
        899,
        4,
        261,
        5,
        2952,
        4745,
        2186,
        11,
        397,
        141,
        398,
        142,
        2961,
        17,
        3987,
        277,
        281,
        1050,
        4124,
        1180,
        3100,
        926,
        542,
        4000,
        674,
        2087,
        295,
        2727,
        4135,
        5290,
        4523,
        1964,
        812,
        1452,
        685,
        686,
        1327,
        1840,
        1329,
        435,
        3124,
        315,
        1339,
        2109,
        2110,
        1855,
        191,
        2495,
        704,
        2497,
        2498,
        2631,
        968,
        2250,
        330,
        331,
        77,
        5967,
        209,
        337,
        1364,
        3029,
        2391,
        89,
        91,
        3291,
        92,
        2012,
        479,
        996,
        356,
        1893,
        1253,
        229,
        358,
        103,
        2407,
        491,
        876,
        2030,
        116,
        3060,
        3960,
        633,
        507,
        379,
        2813
      ],
      "podcast": false,
      "urlTarget": "_blank",
      "campaign": "Red Hat - OpenShift Guide for Developers (By O’Reilly)",
      "author": "",
      "registerOnInfoq": false,
      "landingOnInfoq": false,
      "sponsoredPath": null
    }
  ]
}
