"<?xml version=\"1.0\" encoding=\"UTF-8\" ?>\n<rss version=\"2.0\"\n\t\n>\n<channel>\n<title>路透: 股票</title>\n<link>https://cn.reuters.com</link>\n<description>路透中文网提供实时新闻，财经资讯和投资信息。路透社是全球最大的新闻通讯社之一，为全球媒体，金融实体，商业组织和个人提供新闻报道，金融资讯和相关技术方案。</description>\n<image>\n\t<title>Reuters News</title>\n\t<width>120</width>\n\t<height>35</height>\n\t<link>https://cn.reuters.com</link>\n\t<url>https://cn.reuters.com/resources_v2/images/reuters125.png</url>\n</image>\n<language>en-us</language>\n<lastBuildDate>Sun, 11 Aug 2019 19:17:16 +0800</lastBuildDate>\n<copyright>All rights reserved. Users may download and print extracts of content from this website for their own personal and non-commercial use only. Republication or redistribution of Reuters content, including by framing or similar means, is expressly prohibited without the prior written consent of Reuters. Reuters and the Reuters sphere logo are registered trademarks or trademarks of the Reuters group of companies around the world. &#169; Reuters 2019</copyright>\n<item>\n\t\t<title>中国社会：超强台风“利奇马”已致浙江32人遇难16人失联--中新网</title>\n\n\t\t<description>\n\t\t\t路透上海8月11日 - 中国新闻网周日报导，据浙江省报灾系统最新统计，截至11日13时30分，超强台风“利奇马”已致浙江535.8万余人受灾，因灾32人遇难，16人失联。</description>\n\n\t\t<link>https://cn.reuters.com/article/%E4%B8%AD%E5%9B%BD%E7%A4%BE%E4%BC%9A%EF%BC%9A%E8%B6%85%E5%BC%BA%E5%8F%B0%E9%A3%8E%E2%80%9C%E5%88%A9%E5%A5%87%E9%A9%AC%E2%80%9D%E5%B7%B2%E8%87%B4%E6%B5%99%E6%B1%9F32%E4%BA%BA%E9%81%87%E9%9A%BE16%E4%BA%BA%E5%A4%B1%E8%81%94-%E4%B8%AD%E6%96%B0%E7%BD%91-idCNL4S25702U?feedType=RSS&amp;feedName=stocksNews</link>\n        <guid isPermaLink=\"false\">CNL4S25702U</guid>\n        <category>stocksNews</category>\n\t\t<pubDate>Sun, 11 Aug 2019 17:23:19 +0800</pubDate>\n\t\t</item>\n<item>\n\t\t<title>中国个股：国投电力获准发行不超过总股本10%GDR，对应A股数量6.79亿股</title>\n\n\t\t<description>\n\t\t\t路透上海8月11日 - 中国国投电力最新公告，国务院国资委原则同意公司发行不超过总股本10%、对应A股股份数量不超过67,860.2334万股的全球存托凭证（GDR）的总体方案。</description>\n\n\t\t<link>https://cn.reuters.com/article/%E4%B8%AD%E5%9B%BD%E4%B8%AA%E8%82%A1%EF%BC%9A%E5%9B%BD%E6%8A%95%E7%94%B5%E5%8A%9B%E8%8E%B7%E5%87%86%E5%8F%91%E8%A1%8C%E4%B8%8D%E8%B6%85%E8%BF%87%E6%80%BB%E8%82%A1%E6%9C%AC10%25GDR%EF%BC%8C%E5%AF%B9%E5%BA%94A%E8%82%A1%E6%95%B0%E9%87%8F6.79%E4%BA%BF%E8%82%A1-idCNL4S25702E?feedType=RSS&amp;feedName=stocksNews</link>\n        <guid isPermaLink=\"false\">CNL4S25702E</guid>\n        <category>stocksNews</category>\n\t\t<pubDate>Sun, 11 Aug 2019 14:01:43 +0800</pubDate>\n\t\t</item>\n<item>\n\t\t<title>全球经济：贸易战可能具有长期性，资源配置会有明显扭曲--周小川</title>\n\n\t\t<description>\n\t\t\t路透伊春8月11日 - 中国央行前行长、中国金融学会会长周小川认为，美国开始打贸易战以后，使用关税以及其它的壁垒。现在看起来不仅限于贸易，后面还有很多其它方面的考虑，包括政治、军事、价值观、科技等等各个方面，这一过程有可能具有长期性。</description>\n\n\t\t<link>https://cn.reuters.com/article/%E5%85%A8%E7%90%83%E7%BB%8F%E6%B5%8E%EF%BC%9A%E8%B4%B8%E6%98%93%E6%88%98%E5%8F%AF%E8%83%BD%E5%85%B7%E6%9C%89%E9%95%BF%E6%9C%9F%E6%80%A7%EF%BC%8C%E8%B5%84%E6%BA%90%E9%85%8D%E7%BD%AE%E4%BC%9A%E6%9C%89%E6%98%8E%E6%98%BE%E6%89%AD%E6%9B%B2-%E5%91%A8%E5%B0%8F%E5%B7%9D-idCNL4S25701Q?feedType=RSS&amp;feedName=stocksNews</link>\n        <guid isPermaLink=\"false\">CNL4S25701Q</guid>\n        <category>stocksNews</category>\n\t\t<pubDate>Sun, 11 Aug 2019 13:56:58 +0800</pubDate>\n\t\t</item>\n<item>\n\t\t<title>中国经济：增速持续下跌是严重挑战，强调财政支出2.8%赤字可突破--专家</title>\n\n\t\t<description>\n\t\t\t路透伊春8月11日 - 中国社科院学部委员余永定称，中国面临最严重的挑战是经济增长速度的持续下跌，货币政策现在很难起到推动经济主角作用，减税降费是应该的，但更应该强调财政支出政策，不论从通货膨胀还是从财力角度，2.8%的财政赤字这个界限都是可以突破的。</description>\n\n\t\t<link>https://cn.reuters.com/article/%E4%B8%AD%E5%9B%BD%E7%BB%8F%E6%B5%8E%EF%BC%9A%E5%A2%9E%E9%80%9F%E6%8C%81%E7%BB%AD%E4%B8%8B%E8%B7%8C%E6%98%AF%E4%B8%A5%E9%87%8D%E6%8C%91%E6%88%98%EF%BC%8C%E5%BC%BA%E8%B0%83%E8%B4%A2%E6%94%BF%E6%94%AF%E5%87%BA2.8%25%E8%B5%A4%E5%AD%97%E5%8F%AF%E7%AA%81%E7%A0%B4-%E4%B8%93%E5%AE%B6-idCNL4S25701U?feedType=RSS&amp;feedName=stocksNews</link>\n        <guid isPermaLink=\"false\">CNL4S25701U</guid>\n        <category>stocksNews</category>\n\t\t<pubDate>Sun, 11 Aug 2019 13:53:11 +0800</pubDate>\n\t\t</item>\n<item>\n\t\t<title>人民币汇率：8月以来波动是市场对美国升级贸易摩擦的正常反应--央行官员</title>\n\n\t\t<description>\n\t\t\t路透伊春8月11日 - 中国央行国际司司长朱隽称，8月以来人民币汇率的波动是市场对美国不断升级贸易摩擦的正常的反应，美国不顾事实给人民币贴上标签，损人不利己。中国经济具有巨大的韧性潜力和回旋余地，也有信心有能力应对各种情况。</description>\n\n\t\t<link>https://cn.reuters.com/article/%E4%BA%BA%E6%B0%91%E5%B8%81%E6%B1%87%E7%8E%87%EF%BC%9A8%E6%9C%88%E4%BB%A5%E6%9D%A5%E6%B3%A2%E5%8A%A8%E6%98%AF%E5%B8%82%E5%9C%BA%E5%AF%B9%E7%BE%8E%E5%9B%BD%E5%8D%87%E7%BA%A7%E8%B4%B8%E6%98%93%E6%91%A9%E6%93%A6%E7%9A%84%E6%AD%A3%E5%B8%B8%E5%8F%8D%E5%BA%94-%E5%A4%AE%E8%A1%8C%E5%AE%98%E5%91%98-idCNL4S25701J?feedType=RSS&amp;feedName=stocksNews</link>\n        <guid isPermaLink=\"false\">CNL4S25701J</guid>\n        <category>stocksNews</category>\n\t\t<pubDate>Sun, 11 Aug 2019 13:45:55 +0800</pubDate>\n\t\t</item>\n<item>\n\t\t<title>中国央行报告：全球经济增长疲弱，中低速增长可能持续较长时间</title>\n\n\t\t<description>\n\t\t\t路透上海8月11日 - 中国央行二季度货币政策执行报告中的专栏文章称，近期，诸多迹象显示全球经济增长较为疲弱。短期看，全球经济存在诸多不确定性，面临一定的下行风险。中长期看，全球经济增长缺乏亮点，固有的结构性问题仍然存在，中低速增长可能持续较长时间。</description>\n\n\t\t<link>https://cn.reuters.com/article/%E4%B8%AD%E5%9B%BD%E5%A4%AE%E8%A1%8C%E6%8A%A5%E5%91%8A%EF%BC%9A%E5%85%A8%E7%90%83%E7%BB%8F%E6%B5%8E%E5%A2%9E%E9%95%BF%E7%96%B2%E5%BC%B1%EF%BC%8C%E4%B8%AD%E4%BD%8E%E9%80%9F%E5%A2%9E%E9%95%BF%E5%8F%AF%E8%83%BD%E6%8C%81%E7%BB%AD%E8%BE%83%E9%95%BF%E6%97%B6%E9%97%B4-idCNL4S257013?feedType=RSS&amp;feedName=stocksNews</link>\n        <guid isPermaLink=\"false\">CNL4S257013</guid>\n        <category>stocksNews</category>\n\t\t<pubDate>Sun, 11 Aug 2019 13:23:43 +0800</pubDate>\n\t\t</item>\n<item>\n\t\t<title>中国央行报告：理性看待同业环境变化，推动中小银行补充资本增防风险能力</title>\n\n\t\t<description>\n\t\t\t路透上海8月11日 - 中国央行二季度货币政策执行报告中的专栏文章称，包商银行被接管引起同业业务环境发生较大变化，对此要理性看待，既要做好减法，也要做好加法，避免非理性收缩。要推动中小银行补充资本，与深化金融供给侧结构性改革、加强金融风险防范基础能力以及促进中小银行健康发展结合起来。</description>\n\n\t\t<link>https://cn.reuters.com/article/%E4%B8%AD%E5%9B%BD%E5%A4%AE%E8%A1%8C%E6%8A%A5%E5%91%8A%EF%BC%9A%E7%90%86%E6%80%A7%E7%9C%8B%E5%BE%85%E5%90%8C%E4%B8%9A%E7%8E%AF%E5%A2%83%E5%8F%98%E5%8C%96%EF%BC%8C%E6%8E%A8%E5%8A%A8%E4%B8%AD%E5%B0%8F%E9%93%B6%E8%A1%8C%E8%A1%A5%E5%85%85%E8%B5%84%E6%9C%AC%E5%A2%9E%E9%98%B2%E9%A3%8E%E9%99%A9%E8%83%BD%E5%8A%9B-idCNL4S257011?feedType=RSS&amp;feedName=stocksNews</link>\n        <guid isPermaLink=\"false\">CNL4S257011</guid>\n        <category>stocksNews</category>\n\t\t<pubDate>Sun, 11 Aug 2019 13:22:21 +0800</pubDate>\n\t\t</item>\n<item>\n\t\t<title>中国央行报告：深化金融供给侧结构性改革，13家银行拟发逾4,700亿永续债</title>\n\n\t\t<description>\n\t\t\t路透上海8月11日 - 中国央行二季度货币政策执行报告中的专栏文章称，2019年以来，人民银行注重将货币政策调控与推进金融供给侧结构性改革结合起来，通过深化利率市场化改革，促进降低融资成本；构建“三档两优”存款准备金制度框架，优化金融供给结构和信贷资金配置结构；以及以银行永续债为突破口补充资本，增强金融服务实体经济的可持续性。</description>\n\n\t\t<link>https://cn.reuters.com/article/%E4%B8%AD%E5%9B%BD%E5%A4%AE%E8%A1%8C%E6%8A%A5%E5%91%8A%EF%BC%9A%E6%B7%B1%E5%8C%96%E9%87%91%E8%9E%8D%E4%BE%9B%E7%BB%99%E4%BE%A7%E7%BB%93%E6%9E%84%E6%80%A7%E6%94%B9%E9%9D%A9%EF%BC%8C13%E5%AE%B6%E9%93%B6%E8%A1%8C%E6%8B%9F%E5%8F%91%E9%80%BE4%2C700%E4%BA%BF%E6%B0%B8%E7%BB%AD%E5%80%BA-idCNL4S25700Y?feedType=RSS&amp;feedName=stocksNews</link>\n        <guid isPermaLink=\"false\">CNL4S25700Y</guid>\n        <category>stocksNews</category>\n\t\t<pubDate>Sun, 11 Aug 2019 13:19:50 +0800</pubDate>\n\t\t</item>\n<item>\n\t\t<title>中国央行报告：多管齐下推动小微企业融资实际利率和综合成本明显降低</title>\n\n\t\t<description>\n\t\t\t路透上海8月11日 - 中国央行二季度货币政策执行报告中的专栏文章称，下阶段，将继续通过金融供给侧结构性改革和利率市场化改革优化资源配置，释放改革红利，多措并举、多管齐下，推动小微企业融资实际利率和综合成本明显降低、融资状况明显改善。</description>\n\n\t\t<link>https://cn.reuters.com/article/%E4%B8%AD%E5%9B%BD%E5%A4%AE%E8%A1%8C%E6%8A%A5%E5%91%8A%EF%BC%9A%E5%A4%9A%E7%AE%A1%E9%BD%90%E4%B8%8B%E6%8E%A8%E5%8A%A8%E5%B0%8F%E5%BE%AE%E4%BC%81%E4%B8%9A%E8%9E%8D%E8%B5%84%E5%AE%9E%E9%99%85%E5%88%A9%E7%8E%87%E5%92%8C%E7%BB%BC%E5%90%88%E6%88%90%E6%9C%AC%E6%98%8E%E6%98%BE%E9%99%8D%E4%BD%8E-idCNL4S25700T?feedType=RSS&amp;feedName=stocksNews</link>\n        <guid isPermaLink=\"false\">CNL4S25700T</guid>\n        <category>stocksNews</category>\n\t\t<pubDate>Sun, 11 Aug 2019 13:14:35 +0800</pubDate>\n\t\t</item>\n<item>\n\t\t<title>中国央行报告：6月末金融机构超储率2.0%，社会综合融资成本持续下行</title>\n\n\t\t<description>\n\t\t\t路透上海8月11日 - 中国央行周五晚间发布的二季度货币政策执行报告显示，6月末金融机构超额存款准备金率为2.0%，比上年末低0.4个百分点，比上年同期高0.2个百分点；包括银行贷款、债券、表外融资等在内的全社会综合融资成本持续下行。</description>\n\n\t\t<link>https://cn.reuters.com/article/%E4%B8%AD%E5%9B%BD%E5%A4%AE%E8%A1%8C%E6%8A%A5%E5%91%8A%EF%BC%9A6%E6%9C%88%E6%9C%AB%E9%87%91%E8%9E%8D%E6%9C%BA%E6%9E%84%E8%B6%85%E5%82%A8%E7%8E%872.0%25%EF%BC%8C%E7%A4%BE%E4%BC%9A%E7%BB%BC%E5%90%88%E8%9E%8D%E8%B5%84%E6%88%90%E6%9C%AC%E6%8C%81%E7%BB%AD%E4%B8%8B%E8%A1%8C-idCNL4S25700R?feedType=RSS&amp;feedName=stocksNews</link>\n        <guid isPermaLink=\"false\">CNL4S25700R</guid>\n        <category>stocksNews</category>\n\t\t<pubDate>Sun, 11 Aug 2019 13:04:33 +0800</pubDate>\n\t\t</item>\n</channel>\n</rss>\n\n"
