"<?xml version=\"1.0\" encoding=\"UTF-8\" ?>\n<rss version=\"2.0\"\n\t\n>\n<channel>\n<title>路透: 时事要闻</title>\n<link>https://cn.reuters.com</link>\n<description>路透中文网提供实时新闻，财经资讯和投资信息。路透社是全球最大的新闻通讯社之一，为全球媒体，金融实体，商业组织和个人提供新闻报道，金融资讯和相关技术方案。</description>\n<image>\n\t<title>Reuters News</title>\n\t<width>120</width>\n\t<height>35</height>\n\t<link>https://cn.reuters.com</link>\n\t<url>https://cn.reuters.com/resources_v2/images/reuters125.png</url>\n</image>\n<language>en-us</language>\n<lastBuildDate>Sun, 11 Aug 2019 19:16:15 +0800</lastBuildDate>\n<copyright>All rights reserved. Users may download and print extracts of content from this website for their own personal and non-commercial use only. Republication or redistribution of Reuters content, including by framing or similar means, is expressly prohibited without the prior written consent of Reuters. Reuters and the Reuters sphere logo are registered trademarks or trademarks of the Reuters group of companies around the world. &#169; Reuters 2019</copyright>\n<item>\n\t\t<title>英国首相约翰逊致函公务员称准备无协议英退是首要任务--天空新闻</title>\n\n\t\t<description>\n\t\t\t路透伦敦8月9日 - 据英国天空新闻周五报导，英国首相约翰逊致信所有政府公务员，告诉他们准备无协议英退是他和他们的首要任务。</description>\n\n\t\t<link>https://cn.reuters.com/article/britain-eu-johnson-brexit-letter-0810-idCNKCS1V000W?feedType=RSS&amp;feedName=CNTopGenNews</link>\n        <guid isPermaLink=\"false\">CNKCS1V000W</guid>\n        <category>CNTopGenNews</category>\n\t\t<pubDate>Sat, 10 Aug 2019 08:57:48 +0800</pubDate>\n\t\t</item>\n<item>\n\t\t<title>中国民航局向香港国泰航空发出重大航空安全风险警示</title>\n\n\t\t<description>\n\t\t\t路透北京8月9日 - 中国民航局周五向香港国泰航空发出重大航空安全风险警示，指其近期在多起事件中暴露出的安全风险及隐患，要求对参与和支持非法游行示威等的人员立即停止其执飞内地航班。</description>\n\n\t\t<link>https://cn.reuters.com/article/china-cathay-pacific-warning-0810-idCNKCS1V000K?feedType=RSS&amp;feedName=CNTopGenNews</link>\n        <guid isPermaLink=\"false\">CNKCS1V000K</guid>\n        <category>CNTopGenNews</category>\n\t\t<pubDate>Sat, 10 Aug 2019 08:53:44 +0800</pubDate>\n\t\t</item>\n<item>\n\t\t<title>忧“海啸”来临 香港特首称施政报告将采取大胆措施助经济恢复（更新版）</title>\n\n\t\t<description>\n\t\t\t路透香港8月9日 - 香港特区行政长官林郑月娥周五表示，商界对现时香港的政治争拗及经济逆转非常担心，甚至形容为“海啸”已经出现，经济复元将需漫长的时间。她表示，将会在10月份发表的施政报告中采取更“大胆”的措施，帮助香港经济恢复起来。</description>\n\n\t\t<link>https://cn.reuters.com/article/hk-economy-protest-hit-recovery-0809-idCNKCS1UZ126?feedType=RSS&amp;feedName=CNTopGenNews</link>\n        <guid isPermaLink=\"false\">CNKCS1UZ126</guid>\n        <category>CNTopGenNews</category>\n\t\t<pubDate>Fri, 09 Aug 2019 18:54:15 +0800</pubDate>\n\t\t</item>\n<item>\n\t\t<title>香港机场因应可能出现的集会活动而实施管制措施 确保正常运作</title>\n\n\t\t<description>\n\t\t\t路透香港8月9日 - 因应可能出现的集会活动，香港国际机场周五实施管制措施，只容许持有有效机票/登机证及旅游证件的人士进入离境大堂旅客登机柜位范围，以确保机场维持正常运作。</description>\n\n\t\t<link>https://cn.reuters.com/article/hk-airport-rally-regs-0809-idCNKCS1UZ07Q?feedType=RSS&amp;feedName=CNTopGenNews</link>\n        <guid isPermaLink=\"false\">CNKCS1UZ07Q</guid>\n        <category>CNTopGenNews</category>\n\t\t<pubDate>Fri, 09 Aug 2019 10:33:41 +0800</pubDate>\n\t\t</item>\n<item>\n\t\t<title>若议会以不信任投票推翻政府 英国首相将在英退后几天内举行大选-FT</title>\n\n\t\t<description>\n\t\t\t路透伦敦8月8日 - 据英国《金融时报》(FT)周四报导，英国首相约翰逊的未具名的高级助手透露，如果议员们以不信任投票推翻约翰逊的政府，他将在英国退欧后的几天内举行大选。</description>\n\n\t\t<link>https://cn.reuters.com/article/uk-brexit-parliament-vote-ft-0809-idCNKCS1UZ03O?feedType=RSS&amp;feedName=CNTopGenNews</link>\n        <guid isPermaLink=\"false\">CNKCS1UZ03O</guid>\n        <category>CNTopGenNews</category>\n\t\t<pubDate>Fri, 09 Aug 2019 09:18:33 +0800</pubDate>\n\t\t</item>\n<item>\n\t\t<title>美国参议员卢比奥呼吁特朗普不要允许企业向华为出售产品</title>\n\n\t\t<description>\n\t\t\t路透华盛顿8月8日 - 美国共和党参议员卢比奥(Marco Rubio)周四表示，总统特朗普不应该允许科技企业获得出售设备的特别许可，以绕过对中国电信设备巨头华为的销售禁令。</description>\n\n\t\t<link>https://cn.reuters.com/article/rubio-senator-usa-huawei-0808-thur-idCNKCS1UZ03B?feedType=RSS&amp;feedName=CNTopGenNews</link>\n        <guid isPermaLink=\"false\">CNKCS1UZ03B</guid>\n        <category>CNTopGenNews</category>\n\t\t<pubDate>Fri, 09 Aug 2019 09:11:51 +0800</pubDate>\n\t\t</item>\n<item>\n\t\t<title>英国首相约翰逊在被问及辞职前景时表示英国必须在10月31日退欧</title>\n\n\t\t<description>\n\t\t\t路透伦敦8月8日 - 英国首相约翰逊周四在被问及如果英国政府在不信任案中败北，他是否会辞职时表示，议会应该尊重2016年英国退欧公投结果，并在10月31日脱离欧盟。</description>\n\n\t\t<link>https://cn.reuters.com/article/britain-eu-voteboris-0808-thur-idCNKCS1UZ01P?feedType=RSS&amp;feedName=CNTopGenNews</link>\n        <guid isPermaLink=\"false\">CNKCS1UZ01P</guid>\n        <category>CNTopGenNews</category>\n\t\t<pubDate>Fri, 09 Aug 2019 08:22:20 +0800</pubDate>\n\t\t</item>\n<item>\n\t\t<title>中国外交部就美驻港官员接触“港独”头目向美提出严正交涉</title>\n\n\t\t<description>\n\t\t\t路透北京8月8日 - 针对媒体报导美国驻港总领馆官员接触香港“港独”组织头目事，中国外交部驻港公署有关负责人周四紧急约见美驻港总领馆高级官员，提出严正交涉，表达强烈不满和坚决反对，要求美方就此作出澄清。</description>\n\n\t\t<link>https://cn.reuters.com/article/china-us-hk-dip-pol-0808-idCNKCS1UY0XT?feedType=RSS&amp;feedName=CNTopGenNews</link>\n        <guid isPermaLink=\"false\">CNKCS1UY0XT</guid>\n        <category>CNTopGenNews</category>\n\t\t<pubDate>Thu, 08 Aug 2019 16:31:34 +0800</pubDate>\n\t\t</item>\n<item>\n\t\t<title>香港抗议活动不断 美国升级旅游警告</title>\n\n\t\t<description>\n\t\t\t&lt;p&gt;路透香港8月8日 - 美国调升对香港的旅游警告，呼吁旅客在香港要特别提高警觉，因持续数月的街头抗议活动时而出现暴力行为。&lt;/p&gt;\n&lt;p&gt;&lt;/p&gt;\n&lt;p&gt;“抗议活动与对抗已经从警方许可的范围扩大到周遭地区，”美国在旅游警告中表示，这项警告周三张贴于美国港澳总领事馆网站上。&lt;/p&gt;\n&lt;p&gt;&lt;/p&gt;\n&lt;p&gt;“这些示威活动可能持续，而事前很少通知或毫无通知，”旅游警告表示。总共四级的旅游警告目前已调升至第二级。&lt;/p&gt;\n&lt;p&gt;&lt;/p&gt;\n&lt;p&gt;澳洲周三也对旅客发出警告。&lt;/p&gt;\n&lt;p&gt;&lt;/p&gt;\n&lt;p&gt;本周末香港各处料有更多抗议活动，抗议人士周五将先在国际机场举行示威游行。(完)&lt;/p&gt;\n&lt;p&gt;&lt;/p&gt;\n&lt;p&gt;(编译 陈宗琦；审校 张涛) &lt;/p&gt;\n</description>\n\n\t\t<link>https://cn.reuters.com/article/hk-protest-us-travel-warning-0808-idCNKCS1UY09M?feedType=RSS&amp;feedName=CNTopGenNews</link>\n        <guid isPermaLink=\"false\">CNKCS1UY09M</guid>\n        <category>CNTopGenNews</category>\n\t\t<pubDate>Thu, 08 Aug 2019 11:01:37 +0800</pubDate>\n\t\t</item>\n<item>\n\t\t<title>台湾东部5：28发生芮氏规模六地震 千户停电铁路停驶</title>\n\n\t\t<description>\n\t\t\t路透台北8月8日 - 台湾中央气象局周四表示，本地上午5：28在台湾东部海域发生芮氏规模六的地震，宜兰最大震度六级，台北市、新北市及新竹市为四级；地震发生后行政院长苏贞昌已前往灾害应变中心，迄今台北市上千住户停电，台铁的区间车亦停驶检测。</description>\n\n\t\t<link>https://cn.reuters.com/article/earthquake-taiwan-0808-thur-idCNKCS1UY012?feedType=RSS&amp;feedName=CNTopGenNews</link>\n        <guid isPermaLink=\"false\">CNKCS1UY012</guid>\n        <category>CNTopGenNews</category>\n\t\t<pubDate>Thu, 08 Aug 2019 08:28:59 +0800</pubDate>\n\t\t</item>\n</channel>\n</rss>\n\n"
